Rk,Player,Nation,Pos,Squad,Age,Born,90s,Touches,Def Pen,Def 3rd,Mid 3rd,Att 3rd,Att Pen,Live,Succ,Att,Succ%,Mis,Dis,Rec,Prog,Matches,-9999
1,Abner,br BRA,DF,Atl Paranaense,21,2000,23.4,1470,85,429,736,319,24,1470,9,16,56.3,17,12,809,40,Matches,7f9c5d2d
2,Adryelson,br BRA,DF,Botafogo (RJ),23,1998,16.1,859,142,490,336,36,25,859,2,2,100.0,6,0,460,2,Matches,e980e78d
3,Adson,br BRA,FWMF,Corinthians,21,2000,13.8,812,10,81,377,368,45,812,43,77,55.8,41,20,651,70,Matches,eda38706
4,Airton,br BRA,FW,Atl Goianiense,22,1999,19.3,654,18,107,235,330,70,654,31,62,50.0,37,24,439,89,Matches,751ef075
5,Carlos Alberto,br BRA,FWMF,América (MG),19,2002,1.7,47,0,5,18,28,9,47,0,3,0.0,7,3,29,7,Matches,08f48d96
6,Yuri Alberto,br BRA,FW,Corinthians,20,2001,16.1,596,13,28,262,312,70,596,7,32,21.9,59,24,471,110,Matches,65159211
7,Ale,br BRA,MF,América (MG),31,1990,21.4,1364,58,283,782,317,31,1364,14,29,48.3,43,19,852,43,Matches,b7d9347d
8,Alexandre Alemão,br BRA,FW,Internacional,23,1998,22.3,746,11,44,331,381,115,746,58,82,70.7,107,52,598,142,Matches,3ed2a79b
9,Alerrandro,br BRA,FW,Bragantino,22,2000,10.3,265,9,19,114,134,48,265,5,9,55.6,27,15,178,53,Matches,3415a44d
10,Alesson,br BRA,MFFW,Cuiabá,22,1999,11.4,434,4,57,178,208,38,434,19,51,37.3,24,21,296,69,Matches,611e984e
11,Alex,br BRA,DF,Santos,22,1999,3.7,207,39,112,94,2,2,207,0,1,0.0,3,1,130,0,Matches,7367baf7
12,Caio Alexandre,br BRA,MF,Fortaleza,22,1999,11.0,705,24,162,474,75,8,705,3,7,42.9,16,5,462,13,Matches,08ac23b7
13,Matheus Alexandre,br BRA,DF,Coritiba,22,1999,15.6,854,55,291,397,174,7,854,10,18,55.6,17,5,467,33,Matches,0212e748
14,Alexsander,br BRA,DF,Fluminense,18,2003,2.5,173,9,55,69,52,5,173,4,14,28.6,2,6,101,2,Matches,b13e7a78
15,Alisson,br BRA,MFFW,São Paulo,28,1993,10.5,535,11,46,281,216,26,535,5,12,41.7,10,15,409,45,Matches,99139fa4
16,Allan,br BRA,MF,Atlético Mineiro,24,1997,30.4,2309,84,565,1465,296,9,2309,22,35,62.9,28,9,1764,19,Matches,b15e93aa
17,Guilherme Almeida Augusto,br BRA,DF,Bragantino,29,1993,1.0,50,2,13,25,12,1,50,2,2,100.0,2,0,28,0,Matches,8eecd5f9
18,Henrique Almeida,br BRA,FW,América (MG),30,1991,16.6,550,9,35,242,276,80,549,20,42,47.6,48,38,384,89,Matches,8aa2f2e3
19,Júnior Alonso,py PAR,DF,Atlético Mineiro,28,1993,28.9,2316,270,1042,1146,138,36,2316,9,10,90.0,9,4,1625,10,Matches,b18a3023
20,Diego Alves,br BRA,GK,Flamengo,36,1985,4.7,108,94,108,0,0,0,108,0,0,,0,0,54,0,Matches,12421a7c
21,Felipe Alves Raymundo,br BRA,GK,São Paulo,33,1988,17.0,609,492,607,2,0,0,609,0,0,,2,0,284,0,Matches,7fbe8689
22,Felipe Alves Raymundo,br BRA,GK,Juventude,33,1988,1.0,41,34,41,0,0,0,41,0,0,,0,0,15,0,Matches,7fbe8689
23,Rodrigo Alves Soares,br BRA,DF,Juventude,29,1992,31.0,1892,109,674,830,403,16,1892,28,50,56.0,29,11,1175,44,Matches,4c1b67d6
24,Anderson,br BRA,GK,Atl Paranaense,23,1998,5.0,152,128,151,1,0,0,152,1,2,50.0,0,0,35,0,Matches,29d862d4
25,Thonny Anderson,br BRA,MFFW,Coritiba,24,1997,8.1,486,11,58,238,198,23,486,26,42,61.9,26,15,339,41,Matches,7a7c9837
26,André,br BRA,MF,Fluminense,20,2001,33.5,2765,136,760,1648,387,8,2765,73,102,71.6,40,29,2164,35,Matches,ec604e2c
27,André,br BRA,FW,Cuiabá,31,1990,8.1,249,4,15,135,103,22,248,8,22,36.4,26,8,174,34,Matches,13b52dec
28,Andrey,br BRA,MF,Avaí,19,2002,0.3,8,0,4,2,2,0,8,0,0,,1,0,6,1,Matches,89c28d9f
29,Brayan Angulo,ec ECU,FWMF,Santos,26,1995,5.3,158,5,15,83,62,21,158,2,3,66.7,6,8,107,28,Matches,37fdc62b
30,Apodi,br BRA,MFFW,Goiás,35,1986,10.1,256,10,69,89,102,26,256,4,16,25.0,28,6,146,32,Matches,affbe6bc
31,Guilherme Arana,br BRA,DF,Atlético Mineiro,24,1997,19.1,1665,33,390,810,482,35,1665,17,27,63.0,26,4,1191,57,Matches,2b15a82a
32,Willian Arão,br BRA,MFDF,Flamengo,29,1992,10.2,674,44,175,441,62,15,674,3,3,100.0,4,1,469,12,Matches,f47a530a
33,Michel Araujo,uy URU,FWMF,Fluminense,25,1996,0.9,100,1,20,48,34,4,100,7,8,87.5,3,9,84,6,Matches,1159e4ae
34,Robert Arboleda,ec ECU,DF,São Paulo,30,1991,8.0,521,86,276,227,19,16,521,0,0,,2,1,321,2,Matches,269dbfc6
35,Jhon Arias,co COL,FWMF,Fluminense,24,1997,29.6,2174,34,279,916,1011,88,2173,72,136,52.9,73,79,1643,169,Matches,86d96066
36,Arthur,br BRA,MFDF,América (MG),18,2003,2.0,131,6,25,53,54,2,131,2,10,20.0,11,7,64,7,Matches,8a958856
37,Arthur,br BRA,FW,Corinthians,18,2003,0.0,1,0,0,0,1,0,1,0,0,,0,0,0,0,Matches,e93fed32
38,Artur,br BRA,FWMF,Bragantino,23,1998,31.0,1499,16,152,542,826,105,1499,37,72,51.4,74,37,1017,187,Matches,105132cd
39,Eduard Atuesta,co COL,MF,Palmeiras,24,1997,7.3,429,10,60,214,157,25,429,15,28,53.6,16,13,283,45,Matches,60990b81
40,Felipe Augusto,br BRA,FW,Corinthians,17,2004,0.8,8,0,1,5,2,0,8,0,0,,3,2,9,0,Matches,1f9cbd0b
41,Leo Augusto Pereira,br BRA,FWMF,Atl Goianiense,21,2000,12.6,481,7,77,154,260,54,481,19,62,30.6,44,24,308,85,Matches,a3818875
42,Renato Augusto,br BRA,MF,Corinthians,33,1988,15.6,1202,18,106,680,426,36,1202,14,26,53.8,38,9,894,72,Matches,83a6367a
43,Auremir,br BRA,MF,Goiás,30,1991,16.4,719,53,238,411,78,8,719,3,8,37.5,21,8,408,6,Matches,3a2e6d70
44,Auro,br BRA,DF,Santos,26,1996,4.3,254,10,59,118,80,5,254,2,4,50.0,3,5,142,10,Matches,b234cb0e
45,Danilo Avelar,br BRA,DF,América (MG),32,1989,9.6,532,49,163,246,126,30,532,3,8,37.5,8,2,261,17,Matches,eacb45fd
46,Felipe Azevedo,br BRA,MFFW,América (MG),35,1987,25.3,1172,28,183,457,558,97,1172,31,76,40.8,65,37,804,132,Matches,4a22b15a
47,Matheus Babi,br BRA,FWMF,Atl Paranaense,24,1997,0.9,37,3,4,16,17,4,37,1,2,50.0,5,1,28,7,Matches,f48cff2c
48,Pedro Bahia,br BRA,MF,Goiás,19,2002,0.3,,,,,,,,,,,,,,,Matches,3964a23d
49,Fabrício Baiano,br BRA,FWMF,Fortaleza,29,1992,0.6,48,1,14,15,20,1,48,1,3,33.3,5,3,23,4,Matches,d8a48dad
50,Fabián Balbuena,py PAR,DF,Corinthians,30,1991,12.0,752,95,424,310,20,15,752,2,3,66.7,2,0,455,1,Matches,3626f7d9
51,Robson Bambu,br BRA,DF,Corinthians,24,1997,4.4,250,41,144,98,8,2,250,2,3,66.7,6,0,148,0,Matches,d4fa7d01
52,Léo Baptistão,br BRA,FWMF,Santos,29,1992,12.6,492,19,71,227,206,52,492,18,34,52.9,22,20,329,69,Matches,35f6db55
53,Gabriel Baralhas,br BRA,MF,Atl Goianiense,23,1998,24.0,1406,44,356,841,226,31,1406,18,28,64.3,25,10,959,26,Matches,b7838aad
54,Danilo Barbosa,br BRA,MF,Botafogo (RJ),25,1996,1.8,113,16,27,73,13,2,113,3,6,50.0,2,2,64,1,Matches,0557ff4f
55,Gabriel Barbosa,br BRA,FW,Flamengo,25,1996,22.7,864,2,20,319,528,112,861,14,27,51.9,32,19,707,145,Matches,72d0e1b6
56,Lucas Barbosa,br BRA,FWMF,Santos,20,2001,8.6,443,17,93,192,164,31,443,5,18,27.8,17,15,258,49,Matches,a28eac7e
57,Danilo Barcelos,br BRA,DFMF,Goiás,30,1991,11.4,567,43,172,231,169,12,567,1,5,20.0,12,3,249,18,Matches,26f4ef39
58,Leandro Barcia,uy URU,FW,Atl Goianiense,29,1992,0.3,11,2,6,4,1,0,11,0,0,,1,1,2,0,Matches,11d91ea7
59,Barreto,br BRA,MF,Botafogo (RJ),26,1995,0.3,18,0,7,10,1,0,18,0,0,,0,0,7,0,Matches,de08d383
60,Fellipe Bastos,br BRA,MF,Goiás,31,1990,9.6,716,33,163,426,141,5,716,11,15,73.3,10,4,418,13,Matches,9b99eae0
61,Ramiro Benetti,br BRA,MFFW,Corinthians,28,1993,6.1,350,6,73,201,80,6,350,2,6,33.3,5,5,226,13,Matches,96d14fe7
62,Martín Benítez,ar ARG,MF,América (MG),27,1994,8.4,583,7,66,257,272,21,582,19,35,54.3,13,12,383,42,Matches,c122e34e
63,Bento,br BRA,GK,Atl Paranaense,22,1999,33.0,911,787,911,0,0,0,911,0,0,,0,0,238,0,Matches,5d699228
64,Lucas Beraldo,br BRA,DF,São Paulo,18,2003,1.4,94,7,29,60,6,1,94,1,1,100.0,0,0,73,1,Matches,b8aedf06
65,Eduardo de Biasi,br BRA,MF,Avaí,25,1997,20.8,1022,20,140,639,263,20,1022,19,45,42.2,41,22,703,55,Matches,828a04fa
66,Pedro Bicalho,br BRA,MF,Palmeiras,20,2001,0.0,4,0,1,2,1,0,4,0,0,,0,0,3,0,Matches,f35cb8a4
67,Raul Bicalho,br BRA,DF,Corinthians,22,1999,18.7,1269,116,645,599,33,13,1269,3,6,50.0,14,4,896,2,Matches,79af412b
68,Guilherme Biro,br BRA,FW,Corinthians,17,2004,1.2,46,0,3,24,19,1,46,0,0,,0,1,36,3,Matches,e38c2c76
69,Guilherme Biro,br BRA,DF,Coritiba,21,2000,8.2,440,25,165,194,83,4,440,5,6,83.3,7,4,247,15,Matches,02c7236e
70,Guilherme Bissoli,br BRA,FW,Avaí,24,1998,27.1,795,28,63,381,362,78,787,15,36,41.7,55,39,538,141,Matches,c9024e62
71,Marcelo Boeck,br BRA,GK,Fortaleza,37,1984,13.0,339,308,338,1,0,0,339,0,0,,0,0,68,0,Matches,069cb4f8
72,Ângelo Borges,br BRA,FWMF,Santos,17,2004,17.0,756,3,67,348,375,51,756,86,145,59.3,54,36,573,73,Matches,737945d9
73,Daniel Borges,br BRA,DF,Botafogo (RJ),28,1993,20.8,1454,62,421,718,332,9,1454,13,29,44.8,27,6,854,18,Matches,71879f82
74,Douglas Borges,br BRA,GK,Botafogo (RJ),31,1990,1.0,26,22,26,0,0,0,26,0,0,,0,0,9,0,Matches,55196057
75,Marllon Borges,br BRA,DF,Cuiabá,29,1992,33.4,1701,240,847,813,52,27,1701,7,11,63.6,11,4,999,3,Matches,d0b29bbd
76,Gabriel Boschilia,br BRA,MFFW,Internacional,25,1996,0.6,57,1,5,34,18,0,57,1,1,100.0,2,1,40,2,Matches,e90af77c
77,Gabriel Boschilia,br BRA,MF,Coritiba,25,1996,5.3,230,5,32,119,84,5,230,2,7,28.6,12,10,155,13,Matches,e90af77c
78,Lucas Braga,br BRA,FWMF,Santos,25,1996,23.1,948,24,149,397,422,73,948,57,105,54.3,41,35,672,90,Matches,8a0a73ad
79,David Braz,br BRA,DF,Fluminense,34,1987,7.9,506,83,269,214,23,6,506,2,6,33.3,6,3,327,0,Matches,9313b408
80,Breno,br BRA,FW,Palmeiras,26,1996,3.7,192,2,19,71,103,25,192,5,7,71.4,9,2,128,30,Matches,e0016d00
81,Bressan,br BRA,DF,Avaí,29,1993,20.6,1214,213,645,553,19,8,1214,2,2,100.0,2,1,810,2,Matches,3db1684c
82,Emanuel Brítez,ar ARG,DF,Fortaleza,29,1992,20.0,899,106,374,424,110,17,899,5,13,38.5,9,5,374,10,Matches,fb29d05d
83,Bruninho,br BRA,MFFW,Juventude,21,2000,1.3,67,0,5,42,21,3,67,3,9,33.3,5,2,42,2,Matches,f7a3e78a
84,Bruno,br BRA,MF,Bragantino,18,2003,0.4,17,0,0,10,7,0,17,1,2,50.0,0,1,11,1,Matches,ad8c3404
85,Fabrício Bruno,br BRA,DF,Flamengo,25,1996,13.0,850,108,414,421,20,9,850,1,1,100.0,1,0,618,1,Matches,470d197b
86,Ricardo Bueno,br BRA,FW,Juventude,34,1987,9.0,376,15,43,193,143,41,374,13,19,68.4,30,23,285,41,Matches,768cbb2d
87,Vitor Bueno,br BRA,MFFW,Atl Paranaense,27,1994,12.5,594,12,57,320,225,23,592,13,31,41.9,23,15,385,44,Matches,5752f96d
88,Busanello,br BRA,DF,Juventude,23,1998,3.2,175,5,53,81,41,2,175,0,0,,2,0,97,7,Matches,788c4780
89,Fabricio Bustos,ar ARG,DF,Internacional,25,1996,29.7,1942,102,531,917,514,44,1942,15,33,45.5,16,17,1162,65,Matches,82549f54
90,Nahuel Bustos,ar ARG,FW,São Paulo,23,1998,3.2,101,0,5,47,50,11,101,3,5,60.0,9,4,80,19,Matches,8f774c7f
91,Daniel Cabral,br BRA,FW,Flamengo,19,2002,0.0,1,0,1,0,0,0,1,0,0,,1,0,1,0,Matches,c080bb5e
92,Patric Cabral Lalau,br BRA,DF,América (MG),32,1989,19.1,1264,78,421,461,393,37,1264,8,20,40.0,27,19,639,55,Matches,16cd17b7
93,Raúl Cáceres,py PAR,DF,América (MG),30,1991,18.0,962,53,251,383,338,37,962,1,7,14.3,11,6,504,48,Matches,6d9dc5be
94,Matheus Cadorini,br BRA,FW,Internacional,19,2002,1.0,29,2,2,16,11,4,29,2,2,100.0,4,2,18,6,Matches,7f2b23f8
95,Matheus Cadorini,br BRA,FW,Coritiba,19,2002,3.5,128,4,8,58,63,23,128,1,5,20.0,9,5,90,24,Matches,7f2b23f8
96,Caetano,br BRA,DF,Goiás,22,1999,24.6,1126,194,668,423,41,14,1126,1,3,33.3,7,3,640,2,Matches,226e5efd
97,Jonathan Cafu,br BRA,DFMF,Cuiabá,30,1991,6.2,281,4,37,117,136,16,281,7,19,36.8,22,9,204,32,Matches,8d043f1d
98,Rodrigo Caio,br BRA,DF,Flamengo,28,1993,6.5,461,53,186,273,4,3,461,1,1,100.0,0,0,326,0,Matches,186ed8f1
99,Calebe,br BRA,MFFW,Atlético Mineiro,21,2000,2.9,207,6,35,124,51,11,207,5,6,83.3,5,6,157,13,Matches,c84af55e
100,Lucas Calegari,br BRA,DF,Fluminense,19,2002,7.3,477,17,131,221,128,8,477,8,25,32.0,6,9,295,14,Matches,a564fe91
101,Jonathan Calleri,ar ARG,FW,São Paulo,28,1993,31.3,1026,52,75,403,557,207,1024,28,57,49.1,95,40,753,191,Matches,6922f806
102,Guilherme Camacho,br BRA,MF,Santos,31,1990,18.1,1147,59,298,740,119,8,1147,3,6,50.0,6,9,752,10,Matches,61a6775b
103,Nathan Camargo,br BRA,MFFW,Bragantino,16,2005,0.8,49,3,16,31,4,0,49,0,1,0.0,4,0,29,1,Matches,2c79da44
104,Camilo,br BRA,MF,Cuiabá,22,1999,18.5,918,77,245,546,135,9,918,7,17,41.2,21,11,528,17,Matches,dfb81359
105,Camutanga,br BRA,DF,Atl Goianiense,28,1993,0.8,64,7,32,31,2,1,64,1,1,100.0,1,0,42,0,Matches,c455a045
106,Luan Cândido,br BRA,DF,Bragantino,20,2001,29.2,1630,101,426,815,404,53,1628,10,22,45.5,29,14,809,61,Matches,ca151606
107,Germán Cano,ar ARG,FW,Fluminense,33,1988,34.2,861,33,111,392,371,146,861,11,23,47.8,39,25,572,123,Matches,9ccf4e14
108,Agustín Canobbio,uy URU,FW,Atl Paranaense,23,1998,15.6,596,11,85,252,271,39,596,18,40,45.0,42,23,386,54,Matches,4f5a2f38
109,Víctor Cantillo,co COL,MF,Corinthians,28,1993,10.2,822,26,159,554,116,1,822,7,8,87.5,7,4,564,6,Matches,45075f2f
110,Capixaba,br BRA,FWMF,Juventude,25,1997,18.4,672,23,169,264,255,32,672,17,58,29.3,36,18,438,60,Matches,ea2634a1
111,Juninho Capixaba,br BRA,DF,Fortaleza,24,1997,32.3,2184,109,569,1019,643,45,2184,40,84,47.6,51,33,1118,92,Matches,91ba7336
112,Gabriel Carabajal,ar ARG,MFFW,Santos,30,1991,5.5,281,6,45,155,83,6,281,1,5,20.0,12,4,195,18,Matches,7a694ae4
113,Johnny Cardoso,us USA,MF,Internacional,20,2001,15.7,1006,43,193,618,207,38,1006,20,37,54.1,35,22,655,28,Matches,7426f085
114,Igor Cariús,br BRA,DFMF,Cuiabá,28,1993,12.9,764,44,219,355,197,15,764,4,7,57.1,12,11,379,21,Matches,662475de
115,Joel Carli,ar ARG,DF,Botafogo (RJ),35,1986,4.1,184,46,116,60,8,6,184,0,0,,1,0,99,0,Matches,00d6e369
116,Ed Carlos,br BRA,MF,Santos,20,2001,2.9,179,3,24,101,56,2,179,2,2,100.0,5,2,125,12,Matches,e93e479e
117,Jan Carlos Hurtado,ve VEN,FW,Bragantino,21,2000,5.4,158,2,6,72,84,39,158,2,6,33.3,28,7,96,22,Matches,f50b0b2b
118,João Carlos,br BRA,GK,Cuiabá,33,1988,10.6,283,255,283,1,0,0,283,0,0,,0,0,67,0,Matches,ad9e7995
119,Alan Carvalho,cn CHN,FWMF,Fluminense,32,1989,0.4,16,0,2,11,3,1,16,0,0,,1,3,16,1,Matches,ebb2d232
120,Guilherme Carvalho,br BRA,MF,Ceará,22,1999,7.6,405,14,71,236,104,11,405,7,11,63.6,17,11,248,10,Matches,a32d25d3
121,Guilherme Carvalho,br BRA,MFDF,Atlético Mineiro,22,1999,1.6,96,3,23,55,18,0,96,0,0,,4,5,57,1,Matches,a32d25d3
122,Cássio,br BRA,GK,Corinthians,34,1987,34.0,1029,885,1026,3,0,0,1029,0,0,,1,0,298,0,Matches,d42f6326
123,Luciano Castán,br BRA,DF,Coritiba,32,1989,35.0,1951,352,1091,822,51,30,1951,7,9,77.8,18,7,1258,5,Matches,0470eeba
124,Iury de Castilho,br BRA,FW,Ceará,26,1995,5.8,214,2,21,92,107,11,214,18,32,56.3,16,12,167,29,Matches,555311f2
125,Cauã,br BRA,DF,Juventude,18,2003,0.5,22,0,10,10,2,0,22,1,1,100.0,0,0,7,0,Matches,3c48a088
126,Matheus Cavichioli,br BRA,GK,América (MG),35,1986,25.0,848,752,842,6,0,0,848,1,1,100.0,2,0,221,0,Matches,8470f026
127,Brayan Ceballos,co COL,DF,Fortaleza,20,2001,11.9,603,62,248,305,57,16,603,5,9,55.6,10,6,318,9,Matches,3fa61ade
128,Murilo Cerqueira,br BRA,DF,Palmeiras,24,1997,31.5,1922,223,911,954,69,46,1922,11,14,78.6,11,1,1289,1,Matches,10fe831e
129,Reynaldo Cesar Moraes,br BRA,DF,Goiás,25,1997,30.5,1185,236,789,378,22,14,1185,4,5,80.0,5,4,625,1,Matches,589d070c
130,Jhon Chancellor,ve VEN,DF,Coritiba,30,1992,13.0,517,105,286,215,16,11,517,3,3,100.0,2,1,293,1,Matches,84b6acaa
131,Arthur Chaves,br BRA,DF,Avaí,21,2001,16.5,978,142,512,450,20,12,978,2,4,50.0,6,1,670,0,Matches,913e4711
132,Renato Chaves,br BRA,DF,Juventude,31,1990,1.8,59,15,38,15,6,4,59,0,0,,2,0,29,0,Matches,2a51efe8
133,Chico,br BRA,MFFW,Juventude,30,1991,24.2,1266,30,213,639,436,27,1265,17,38,44.7,40,22,799,59,Matches,bad7d8a9
134,Christian,br BRA,MF,Atl Paranaense,21,2000,4.8,228,8,40,120,70,9,228,3,8,37.5,6,3,146,14,Matches,a856b456
135,Diego Churín,ar ARG,FW,Atl Goianiense,32,1989,26.5,923,26,81,493,356,104,922,12,19,63.2,53,27,646,106,Matches,875ac6e9
136,Marcelo Cirino,br BRA,FW,Atl Paranaense,30,1992,5.2,136,5,21,48,71,11,136,2,5,40.0,10,7,87,18,Matches,6ba81b35
137,Léo Cittadini,br BRA,MFFW,Atl Paranaense,27,1994,8.0,380,11,74,215,92,14,380,1,5,20.0,11,5,231,23,Matches,68410185
138,Luccas Claro,br BRA,DF,Fluminense,30,1991,5.2,295,43,164,122,10,3,295,0,1,0.0,4,2,176,0,Matches,3cacc0ec
139,Clayton,br BRA,FWMF,Coritiba,23,1999,3.6,111,5,9,48,56,18,111,3,5,60.0,12,5,73,24,Matches,b05870de
140,Cléber,br BRA,FW,Ceará,25,1996,10.9,395,13,35,173,193,59,395,9,17,52.9,32,4,265,65,Matches,e539e239
141,Jean Cléber,br BRA,MF,Avaí,31,1990,9.6,502,16,101,297,115,14,502,9,18,50.0,16,17,334,23,Matches,16bf849a
142,Cleiton,br BRA,DF,Flamengo,18,2003,0.0,,,,,,,,,,,,,,,Matches,741c6251
143,Andrés Colorado,co COL,MF,São Paulo,23,1998,3.4,203,12,56,124,26,4,203,2,2,100.0,3,1,127,4,Matches,f3afff11
144,Germán Conti,ar ARG,DF,América (MG),27,1994,18.4,908,147,514,361,40,27,908,1,2,50.0,3,0,429,4,Matches,7b18b6db
145,Jonathan Copete,co COL,FW,Avaí,34,1988,3.1,122,9,21,57,45,12,122,3,6,50.0,8,6,84,14,Matches,ce070a45
146,Bruno Cortez,br BRA,DF,Avaí,34,1987,27.0,1704,90,462,977,298,10,1704,36,53,67.9,31,20,995,29,Matches,a3a1198a
147,Talles Costa,br BRA,MF,São Paulo,19,2002,6.1,315,5,56,178,87,8,315,7,13,53.8,5,13,226,20,Matches,d8f15d24
148,Lucas Crispim,br BRA,DFMF,Fortaleza,27,1994,13.0,703,20,126,350,235,5,703,3,8,37.5,9,6,418,25,Matches,6501ff61
149,Daniel Cruz,br BRA,FWDF,Botafogo (RJ),20,2001,0.1,7,0,3,4,3,1,7,0,1,0.0,0,0,2,0,Matches,86a118c2
150,Tomás Cuello,ar ARG,FW,Atl Paranaense,21,2000,18.0,926,14,133,405,420,39,926,38,76,50.0,59,28,614,72,Matches,5c8615dd
151,Víctor Cuesta,ar ARG,DF,Botafogo (RJ),33,1988,28.5,1640,223,843,741,74,31,1640,7,9,77.8,11,1,985,6,Matches,39fb428f
152,Andrés D'Alessandro,ar ARG,FW,Internacional,40,1981,0.8,64,0,5,38,21,1,64,1,1,100.0,1,2,53,4,Matches,6a11048a
153,Adailson Dadá,br BRA,MFFW,Goiás,24,1997,27.9,997,29,193,399,430,45,997,41,85,48.2,74,56,617,73,Matches,2a75cc09
154,Daniel,br BRA,GK,Internacional,27,1994,23.0,615,543,613,2,0,0,615,1,1,100.0,1,0,194,0,Matches,636fc976
155,Danilo,br BRA,DF,Goiás,24,1997,2.6,80,19,50,26,5,5,80,0,1,0.0,1,0,40,0,Matches,415a34c5
156,Danilo,br BRA,MF,Palmeiras,20,2001,30.5,1668,58,343,1074,271,25,1668,21,44,47.7,31,24,1075,33,Matches,a816dbfb
157,David,br BRA,MF,Ceará,17,2004,0.1,1,0,0,0,1,0,1,0,0,,0,0,0,0,Matches,16a42430
158,David,br BRA,FW,Internacional,26,1995,9.1,333,7,29,135,178,36,333,11,24,45.8,25,14,237,50,Matches,92f9ace5
159,Kayke David,br BRA,FWMF,Flamengo,19,2003,0.3,26,0,0,15,11,0,26,0,2,0.0,2,4,22,8,Matches,2285358d
160,Giorgian De Arrascaeta,uy URU,MF,Flamengo,27,1994,16.4,1112,4,72,447,607,87,1112,29,52,55.8,49,33,846,134,Matches,be8d02dd
161,Romildo Del Piage,br BRA,MF,Botafogo (RJ),21,2000,5.7,286,13,60,167,62,3,286,2,6,33.3,6,10,174,9,Matches,679ca46d
162,Denilson,br BRA,MF,Cuiabá,20,2001,7.8,456,11,87,294,80,3,456,8,14,57.1,14,11,322,13,Matches,9144afdf
163,Dentinho,br BRA,FW,Ceará,33,1989,0.6,30,0,6,17,8,0,30,2,2,100.0,2,1,20,1,Matches,85686f86
164,Dentinho,br BRA,FWMF,Avaí,24,1997,3.2,147,5,21,65,65,7,147,7,14,50.0,9,5,104,18,Matches,aaacc628
165,Valentín Depietri,ar ARG,FWMF,Fortaleza,21,2000,2.6,156,1,12,66,80,16,156,7,15,46.7,12,7,103,23,Matches,d02cb5d7
166,Deyverson,br BRA,FW,Cuiabá,30,1991,14.1,506,26,55,244,217,71,503,7,27,25.9,39,19,343,64,Matches,2e5e846d
167,Luan Dias,br BRA,MFFW,Goiás,24,1997,8.6,418,13,73,212,140,8,418,16,27,59.3,26,12,260,23,Matches,a342ce1e
168,Matheus Dias,br BRA,MF,Internacional,24,1997,1.2,54,4,17,34,4,0,54,0,0,,1,0,29,0,Matches,ddfa9005
169,Juan Díaz,co COL,MF,Coritiba,20,2001,1.5,66,4,18,38,10,1,66,0,1,0.0,2,0,44,4,Matches,36839110
170,Diego,br BRA,MFDF,Ceará,33,1988,2.3,102,3,20,47,36,2,102,1,1,100.0,0,4,72,12,Matches,cd09e9a1
171,Diego,br BRA,GK,Atl Goianiense,23,1998,2.0,72,60,71,1,0,0,72,0,0,,0,0,26,0,Matches,6b023405
172,Diego,br BRA,DF,São Paulo,22,1999,19.1,1240,136,569,624,50,14,1240,10,11,90.9,9,0,846,4,Matches,7fb8f90c
173,Diego,br BRA,MF,Flamengo,36,1985,9.8,686,23,166,407,125,10,686,13,15,86.7,14,8,516,19,Matches,255a478a
174,Diego,br BRA,GK,Botafogo (RJ),23,1998,2.0,61,54,61,0,0,0,61,0,0,,0,0,23,0,Matches,6b023405
175,Dieguinho,br BRA,MFDF,Goiás,26,1995,32.1,1537,123,461,712,400,24,1537,71,114,62.3,62,28,784,38,Matches,7e5a7340
176,Dodô,br BRA,DF,Atlético Mineiro,29,1992,10.1,558,20,138,256,164,16,558,3,6,50.0,8,5,328,28,Matches,99931185
177,Matheus Donelli,br BRA,GK,Corinthians,19,2002,2.0,50,44,50,0,0,0,50,0,0,,1,0,11,0,Matches,7c736064
178,Renan dos Santos,br BRA,GK,Atl Goianiense,32,1989,16.0,483,441,483,0,0,0,483,0,0,,1,0,114,0,Matches,6bfaecc4
179,Douglas,br BRA,DF,Bragantino,33,1988,0.8,,,,,,,,,,,,,,,Matches,e7fea035
180,Rodrigo Dourado,br BRA,MF,Internacional,27,1994,5.0,233,16,60,144,34,5,233,2,2,100.0,5,1,137,5,Matches,d7d05a22
181,David Duarte,br BRA,DF,Fluminense,27,1995,0.9,65,17,26,35,5,0,65,2,2,100.0,1,2,34,1,Matches,91bf16f7
182,Dudu,br BRA,FW,Palmeiras,30,1992,31.3,1455,10,121,572,790,137,1455,54,126,42.9,54,28,1061,174,Matches,895ef5ec
183,Dudu,br BRA,DF,Juventude,19,2002,1.2,55,4,26,26,5,0,55,1,2,50.0,3,1,34,0,Matches,3f10ae0b
184,Pablo Dyego,br BRA,FW,Avaí,27,1994,5.4,197,10,47,82,70,6,197,6,16,37.5,10,8,140,19,Matches,fce54d7d
185,Edenílson,br BRA,MF,Internacional,32,1989,24.3,1355,41,208,773,389,35,1352,17,39,43.6,33,27,972,63,Matches,4e50f20e
186,Eder,br BRA,DF,América (MG),26,1995,32.7,1467,252,832,620,35,15,1467,8,13,61.5,10,5,773,2,Matches,ba1a2c4c
187,Éder,it ITA,FWMF,São Paulo,35,1986,7.4,209,2,13,85,115,30,208,3,10,30.0,22,5,142,36,Matches,5a325298
188,Edinho,br BRA,MF,Juventude,27,1994,4.1,,,,,,,,,,,,,,,Matches,a8cedcd9
189,Edson,br BRA,MFDF,Atl Goianiense,23,1998,9.1,568,35,157,271,148,11,568,10,16,62.5,11,7,362,17,Matches,644d4d85
190,Edson,br BRA,DFMF,Atl Goianiense,30,1991,15.8,1051,166,542,479,32,7,1051,1,5,20.0,6,3,693,0,Matches,041250aa
191,Carlos Eduardo,br BRA,MF,Botafogo (RJ),32,1989,12.2,615,18,75,385,161,40,615,16,26,61.5,25,7,451,34,Matches,1a234d32
192,Carlos Eduardo,br BRA,FWMF,Bragantino,25,1996,10.0,322,10,41,135,151,25,322,15,33,45.5,37,17,208,49,Matches,27c23008
193,Elton,br BRA,MF,Juventude,31,1990,12.9,662,48,219,380,69,11,662,3,5,60.0,11,5,421,9,Matches,42b5868b
194,Leandro Emmanuel Martínez,ar ARG,MF,América (MG),27,1994,2.9,191,4,20,98,76,9,191,6,7,85.7,7,4,122,12,Matches,74758396
195,Alan Empereur,br BRA,DF,Cuiabá,27,1994,24.7,1261,186,638,603,36,10,1261,4,7,57.1,5,1,766,3,Matches,825b8997
196,Endrick,br BRA,FW,Palmeiras,15,2006,3.4,67,0,2,15,50,27,67,4,5,80.0,6,9,47,14,Matches,a2728fbf
197,Erick,br BRA,MF,Atl Paranaense,24,1997,20.5,933,68,241,567,132,24,933,17,35,48.6,17,12,500,26,Matches,8a826636
198,Erick,br BRA,FWMF,Ceará,24,1997,11.7,587,7,47,221,325,40,586,31,71,43.7,26,23,442,68,Matches,8edcad0d
199,Erison,br BRA,FW,Botafogo (RJ),22,1999,16.5,384,11,16,155,221,74,383,21,40,52.5,64,24,276,85,Matches,a9c450cb
200,Estevão,br BRA,FWMF,Internacional,19,2002,1.2,59,0,10,29,20,3,59,2,4,50.0,3,1,43,6,Matches,149f4681
201,Lucas Evangelista,br BRA,MF,Bragantino,26,1995,29.0,1555,56,263,888,420,50,1553,27,38,71.1,46,27,1041,69,Matches,5f4ce4b6
202,Everaldo,br BRA,MFFW,América (MG),27,1994,21.0,1065,7,113,386,586,71,1064,28,71,39.4,46,15,759,114,Matches,bdb57777
203,Éverson,br BRA,GK,Atlético Mineiro,31,1990,37.0,1225,1080,1216,10,0,0,1225,0,0,,0,0,770,0,Matches,a59c090b
204,Éverton,br BRA,MFFW,Cuiabá,33,1988,4.4,201,3,35,111,60,4,201,3,9,33.3,6,3,141,14,Matches,f50a3570
205,Fabinho,br BRA,MF,Palmeiras,19,2002,0.8,64,1,9,48,7,0,64,0,0,,0,0,46,0,Matches,ff0e595c
206,Fábio,br BRA,FWMF,Atlético Mineiro,24,1997,1.5,44,0,1,14,29,7,44,3,4,75.0,6,2,31,11,Matches,30f90535
207,Fábio,br BRA,GK,Fluminense,41,1980,38.0,1038,934,1035,4,0,0,1038,0,0,,0,0,369,0,Matches,15825726
208,Fabrício,br BRA,FWMF,Coritiba,24,1997,16.7,675,10,103,317,269,46,675,46,80,57.5,45,35,490,92,Matches,0211a29e
209,Fagner,br BRA,DF,Corinthians,32,1989,10.0,831,31,215,400,228,5,831,8,15,53.3,11,1,537,23,Matches,a9cc58fe
210,Willian Farias,br BRA,MF,Coritiba,32,1989,17.7,987,43,237,673,91,3,987,19,25,76.0,23,10,657,7,Matches,d1fcff2f
211,Lucas Fasson,br BRA,DF,Atl Paranaense,20,2001,0.8,59,3,35,25,0,0,59,0,1,0.0,0,0,36,0,Matches,31ecbf29
212,Felipe,br BRA,MF,Fortaleza,27,1994,9.8,620,26,115,407,102,7,620,5,7,71.4,8,8,420,7,Matches,cadbabf9
213,Luis Felipe,br BRA,DF,Santos,28,1993,10.9,,,,,,,,,,,,,,,Matches,746c8624
214,Matheus Felipe,br BRA,DF,Atl Paranaense,23,1998,19.8,822,135,393,410,24,7,822,1,1,100.0,11,0,449,2,Matches,90749ab9
215,Lucas Fernandes,br BRA,MF,Botafogo (RJ),24,1997,18.6,1201,16,94,728,402,15,1201,24,55,43.6,34,24,855,55,Matches,a109d777
216,Matheus Fernandes,br BRA,MF,Atl Paranaense,23,1998,7.6,353,25,107,185,68,3,353,10,13,76.9,15,7,180,14,Matches,f76fdcd2
217,Gatito Fernández,py PAR,GK,Botafogo (RJ),33,1988,31.2,886,752,879,8,0,0,886,0,0,,2,0,260,0,Matches,9a82f79a
218,Ignacio Fernández,ar ARG,MF,Atlético Mineiro,32,1990,24.7,1677,14,145,818,732,60,1675,17,33,51.5,46,38,1194,130,Matches,97a17c0b
219,Rodrigo Fernández,uy URU,MF,Santos,26,1996,25.7,1526,56,344,1049,162,5,1526,27,48,56.3,27,15,933,10,Matches,617ee116
220,Fernandinho,br BRA,MF,Atl Paranaense,36,1985,10.8,652,16,83,444,134,11,652,10,21,47.6,18,9,431,25,Matches,101da2b5
221,Derick Fernando,br BRA,DF,Santos,19,2002,0.2,11,2,5,5,1,1,11,0,0,,0,0,6,0,Matches,a19d96f6
222,Luiz Fernando,br BRA,FWMF,Atl Goianiense,25,1996,19.4,735,29,122,294,323,93,735,20,53,37.7,29,19,501,89,Matches,824ed016
223,Nahuel Ferraresi,ve VEN,DF,São Paulo,23,1998,7.9,573,66,278,283,14,7,573,3,6,50.0,2,2,363,3,Matches,719aab45
224,Luiz Filipe,br BRA,MFFW,Goiás,20,2001,0.4,15,0,4,4,7,1,15,0,1,0.0,3,0,9,1,Matches,4a615e0b
225,Flávio,br BRA,MF,América (MG),21,2000,0.3,30,1,9,17,4,1,30,0,0,,0,0,22,1,Matches,f0367bfd
226,Rafael Forster,br BRA,DF,Juventude,31,1990,18.1,1125,174,707,388,48,12,1125,10,15,66.7,10,3,661,4,Matches,eb3f56e5
227,Matheus França,br BRA,FWMF,Flamengo,17,2004,7.5,345,11,39,144,168,45,345,16,28,57.1,17,11,226,43,Matches,077faf72
228,Fred,br BRA,FWMF,Fluminense,38,1983,1.4,65,3,6,28,32,7,65,3,4,75.0,5,1,51,14,Matches,acaeba74
229,Marlon Freitas,br BRA,MF,Atl Goianiense,26,1995,27.5,2066,75,428,1216,434,29,2064,9,11,81.8,23,9,1566,62,Matches,ae3181de
230,Douglas Friedrich,br BRA,GK,Avaí,33,1988,10.4,290,237,289,1,0,0,290,0,0,,0,0,98,0,Matches,8789242d
231,Gabriel,br BRA,MF,São Paulo,22,1999,0.5,16,0,1,11,4,1,16,0,1,0.0,1,2,12,3,Matches,135d500d
232,Gabriel,br BRA,MF,Internacional,29,1992,23.8,1667,56,347,1123,214,8,1667,4,10,40.0,13,10,1111,13,Matches,e9c0d5d8
233,Gabriel,br BRA,GK,Coritiba,29,1992,13.0,415,345,412,3,0,0,415,0,0,,0,0,129,0,Matches,f93ed0df
234,Gabriel,br BRA,MF,Botafogo (RJ),28,1993,8.3,543,18,91,328,127,10,543,8,17,47.1,13,9,369,17,Matches,0d10333c
235,Eduardo Gabriel,br BRA,DF,Santos,25,1996,33.0,1878,294,946,887,50,34,1878,6,9,66.7,9,3,1233,7,Matches,aed65960
236,Luiz Gabriel,br BRA,FWMF,Coritiba,19,2002,1.1,71,2,13,45,13,1,71,1,4,25.0,0,2,48,1,Matches,f9c619e0
237,Marquinhos Gabriel,br BRA,MFFW,Goiás,31,1990,8.4,291,8,38,147,114,14,291,11,19,57.9,12,11,173,23,Matches,fcd113c4
238,Vitor Gabriel,br BRA,FWMF,Juventude,22,2000,8.6,280,18,44,116,126,56,280,4,20,20.0,33,10,184,37,Matches,094c2abd
239,Matías Galarza,py PAR,MF,Coritiba,19,2002,6.7,365,5,53,205,111,8,365,4,11,36.4,16,7,221,21,Matches,8e97a57b
240,Matheus Galdezani,br BRA,MF,Avaí,29,1992,3.2,193,6,34,90,70,7,193,7,13,53.8,7,4,126,17,Matches,5042eb90
241,Thiago Galhardo,br BRA,FWMF,Fortaleza,32,1989,15.0,528,20,63,234,239,53,527,24,43,55.8,39,17,352,67,Matches,766f48dd
242,Giuliano Galoppo,ar ARG,MF,São Paulo,22,1999,7.9,395,7,54,200,143,28,395,3,9,33.3,17,4,299,34,Matches,a8eeadaf
243,Léo Gamalho,br BRA,FW,Coritiba,36,1986,18.4,464,14,35,226,206,66,462,1,5,20.0,20,19,346,63,Matches,f73056ee
244,Ganso,br BRA,MFFW,Fluminense,32,1989,27.5,2262,34,311,1237,735,32,2259,34,50,68.0,30,36,1863,90,Matches,23593121
245,García,br BRA,DFMF,Palmeiras,20,2002,1.1,82,2,26,35,21,4,82,0,0,,1,1,62,7,Matches,45d071f4
246,Bryan García,ec ECU,MF,Atl Paranaense,21,2001,3.1,168,8,39,100,32,0,168,4,6,66.7,9,8,93,4,Matches,7b66d351
247,Luan Garcia,br BRA,DF,Palmeiras,28,1993,13.6,780,79,355,403,27,12,780,0,1,0.0,6,2,516,2,Matches,6ebe6cc1
248,Gaspar,br BRA,FW,Avaí,19,2002,0.4,21,1,6,4,11,3,21,0,0,,1,0,8,1,Matches,996af9a5
249,Rafael Gava,br BRA,MF,Cuiabá,28,1993,22.7,1181,31,182,565,445,40,1181,9,13,69.2,33,21,733,77,Matches,713e1a36
250,Lucas Gazal,br BRA,DF,Atl Goianiense,22,1999,14.5,748,150,411,300,41,15,748,2,5,40.0,3,0,479,3,Matches,dcae46d5
251,Guilherme Gehring,br BRA,MF,Juventude,16,2005,0.1,2,0,0,2,0,0,2,0,0,,0,0,2,0,Matches,37faab98
252,Geovane,br BRA,MF,Ceará,22,1999,6.1,333,6,57,202,76,6,333,2,4,50.0,6,3,219,10,Matches,099a14d5
253,Gil,br BRA,DF,Corinthians,34,1987,22.7,1412,164,742,633,43,28,1412,1,4,25.0,4,4,955,1,Matches,31edef00
254,Giovane,br BRA,FWDF,Corinthians,18,2003,3.3,149,3,15,75,59,11,149,5,15,33.3,15,6,106,20,Matches,1b567cdc
255,Giovani,br BRA,FWMF,Palmeiras,18,2004,0.4,23,0,0,9,14,1,23,0,2,0.0,3,0,16,3,Matches,a199bd5f
256,Glédson,br BRA,GK,Avaí,38,1983,5.0,135,122,135,0,0,0,135,1,1,100.0,0,0,43,0,Matches,a9d625f5
257,Diego Godín,uy URU,DF,Atlético Mineiro,35,1986,1.0,84,9,37,47,0,0,84,0,0,,0,0,68,0,Matches,fc4f85b1
258,Bruno Gomes,br BRA,MF,Coritiba,20,2001,16.6,886,23,159,504,234,18,886,20,41,48.8,30,24,594,35,Matches,76f2bbf8
259,Igor Gomes,br BRA,MF,São Paulo,22,1999,22.9,1195,21,160,615,427,53,1195,17,39,43.6,27,20,866,86,Matches,6a7fb945
260,Igor Gomes,br BRA,DF,Internacional,20,2001,1.3,101,6,22,65,14,2,101,1,3,33.3,0,1,63,3,Matches,509d5b3d
261,João Gomes,br BRA,MF,Flamengo,20,2001,20.9,1300,42,228,744,347,22,1300,24,36,66.7,29,24,864,32,Matches,8b57ad2c
262,Gustavo Gómez,py PAR,DF,Palmeiras,28,1993,30.0,1770,220,905,773,100,41,1769,3,4,75.0,10,2,1086,7,Matches,d5ce52a5
263,Aloísio dos Santos Gonçalves,cn CHN,FWMF,América (MG),33,1988,10.5,352,8,43,131,181,53,351,5,20,25.0,30,15,245,72,Matches,9851b2e0
264,Diego Gonçalves,br BRA,FW,Botafogo (RJ),27,1994,5.4,249,5,28,105,118,18,247,4,14,28.6,11,7,180,36,Matches,c707fc37
265,Matheus Gonçalves,br BRA,FW,Flamengo,16,2005,0.3,26,0,3,7,16,1,26,0,1,0.0,1,1,16,1,Matches,071a6836
266,Ricardo Goulart,br BRA,MFFW,Santos,30,1991,4.5,187,6,13,88,86,16,187,2,5,40.0,7,2,142,33,Matches,f053730b
267,Daniel Guedes,br BRA,DFMF,Cuiabá,27,1994,8.8,544,15,137,225,192,5,544,10,28,35.7,10,7,323,17,Matches,25f61bc3
268,Roger Guedes,br BRA,FWMF,Corinthians,25,1996,28.3,1320,20,118,584,638,106,1319,29,77,37.7,70,26,1082,163,Matches,612a9dd7
269,Paolo Guerrero,pe PER,FW,Avaí,38,1984,4.8,182,5,11,94,79,26,182,7,11,63.6,21,16,141,26,Matches,ae6657a1
270,Guga,br BRA,DF,Atlético Mineiro,23,1998,18.6,1338,35,288,631,435,18,1338,8,15,53.3,13,10,769,31,Matches,6975a3e1
271,Marcos Guilherme,br BRA,FWMF,São Paulo,26,1995,6.4,331,2,31,159,142,15,331,4,7,57.1,7,1,258,26,Matches,d5ff6084
272,Marcos Guilherme,br BRA,MF,Santos,26,1995,0.3,21,1,5,13,3,0,21,0,0,,1,0,10,1,Matches,d5ff6084
273,Gustavinho,br BRA,MF,América (MG),20,2001,4.3,247,4,22,121,105,6,247,14,23,60.9,14,9,172,22,Matches,69896b0e
274,Habraão,br BRA,DF,Fortaleza,20,2001,2.4,132,30,70,57,7,6,132,1,1,100.0,1,1,61,0,Matches,1e329d13
275,Lucas Halter,br BRA,DF,Atl Paranaense,21,2000,1.1,72,8,34,35,3,1,72,1,1,100.0,1,0,52,0,Matches,7aa882a2
276,Lucas Halter,br BRA,DF,Goiás,21,2000,11.9,528,100,328,187,15,9,528,0,1,0.0,0,0,304,1,Matches,7aa882a2
277,Hayner,br BRA,DF,Atl Goianiense,26,1995,15.3,830,56,241,320,282,28,830,26,55,47.3,32,4,488,60,Matches,246c7429
278,Heitor,br BRA,DF,Internacional,21,2000,4.4,245,9,68,129,50,3,245,1,2,50.0,3,1,125,8,Matches,e0839492
279,Thiago Heleno,br BRA,DF,Atl Paranaense,33,1988,12.7,718,69,323,378,21,15,717,0,1,0.0,3,0,467,1,Matches,827422f9
280,Helinho,br BRA,FWMF,Bragantino,21,2000,19.0,974,30,136,437,417,49,973,34,58,58.6,47,23,658,96,Matches,5837cb60
281,Henrique,br BRA,DF,Coritiba,35,1986,17.9,1013,159,527,457,35,13,1013,0,2,0.0,4,0,694,5,Matches,429163de
282,Arthur Henrique,br BRA,DF,Atl Goianiense,27,1994,10.7,668,37,215,271,193,11,668,16,32,50.0,22,8,377,17,Matches,ae46bd26
283,Bruno Henrique,br BRA,FWMF,Flamengo,31,1990,6.8,301,9,27,105,177,42,301,8,19,42.1,19,5,229,54,Matches,5edff24f
284,Daniel Henrique,br BRA,FW,Ceará,17,2004,0.3,6,0,0,2,4,2,6,0,1,0.0,0,0,5,0,Matches,1ef923db
285,Gustavo Henrique,br BRA,DF,Flamengo,28,1993,3.8,246,51,145,93,9,6,246,0,0,,1,0,166,1,Matches,fa066690
286,Luis Henrique,br BRA,FWMF,Botafogo (RJ),20,2001,2.9,136,2,17,61,64,2,136,3,7,42.9,10,7,98,10,Matches,f36d5624
287,Luiz Henrique,br BRA,FWMF,Fluminense,21,2001,11.7,562,9,80,231,255,52,562,25,48,52.1,39,35,382,53,Matches,8059806f
288,Paulo Henrique,br BRA,DFMF,Juventude,25,1996,16.7,825,41,268,306,274,26,825,47,83,56.6,31,23,457,56,Matches,25a0cb08
289,Pedro Henrique,br BRA,DF,Atl Paranaense,26,1995,25.6,1404,259,734,640,39,17,1404,0,2,0.0,9,1,800,1,Matches,4322e5d7
290,Pedro Henrique,br BRA,FWMF,Internacional,31,1990,17.7,741,15,98,244,421,89,739,26,56,46.4,40,21,559,107,Matches,460976a2
291,Hércules,br BRA,MFFW,Fortaleza,21,2000,15.2,740,20,146,427,182,17,740,20,28,71.4,25,15,459,27,Matches,eadc7b45
292,Nicolás Hernández,co COL,DF,Atl Paranaense,24,1998,18.0,856,110,420,427,16,4,856,1,3,33.3,4,0,529,2,Matches,86046c18
293,Hugo,br BRA,DFMF,Goiás,24,1997,7.8,447,38,164,204,86,10,447,0,2,0.0,16,1,212,19,Matches,bd2593f3
294,Hugo,br BRA,FWMF,Coritiba,22,1999,4.4,178,4,36,71,77,15,178,5,18,27.8,27,10,116,25,Matches,d0f01217
295,Hugo,br BRA,DFMF,Botafogo (RJ),20,2001,12.2,742,28,191,358,199,14,742,11,26,42.3,22,5,374,24,Matches,de3dc682
296,Victor Hugo,br BRA,MF,Flamengo,17,2004,13.9,664,26,119,369,186,29,664,20,34,58.8,25,18,488,45,Matches,33fca7f7
297,Vitor Hugo,br BRA,FW,Goiás,17,2004,0.0,3,0,0,0,3,0,3,0,0,,0,0,3,1,Matches,217f53a6
298,Hulk,br BRA,FW,Atlético Mineiro,35,1986,23.2,921,15,25,345,567,121,919,47,88,53.4,87,63,754,209,Matches,33a1f72e
299,José Hurtado,ec ECU,DF,Bragantino,20,2001,6.6,413,21,101,184,131,6,413,8,14,57.1,10,2,215,18,Matches,cb067e96
300,Hyoran,br BRA,MF,Bragantino,28,1993,14.2,629,10,54,259,327,43,629,6,23,26.1,35,20,414,92,Matches,ffb88c28
301,Igor,br BRA,MFFW,Flamengo,18,2003,0.3,12,2,4,7,1,0,12,0,0,,1,0,5,0,Matches,fb19d550
302,André Inácio,br BRA,FW,Flamengo,19,2002,0.5,23,0,0,6,17,4,23,1,3,33.3,1,1,13,4,Matches,cc77d69c
303,Mauricio Isla,cl CHI,DF,Flamengo,33,1988,3.8,215,6,50,90,77,6,215,2,2,100.0,4,1,136,17,Matches,de4517dd
304,Jadsom,br BRA,MF,Bragantino,20,2001,14.1,871,46,232,557,89,1,871,12,20,60.0,15,8,551,10,Matches,92859e80
305,Jadson,br BRA,MF,Juventude,28,1993,29.1,1571,35,359,932,299,16,1571,23,36,63.9,34,22,1099,73,Matches,05748af4
306,Jailson,br BRA,GK,América (MG),40,1981,12.0,344,280,343,1,0,0,344,0,0,,0,1,104,0,Matches,01f7b8c3
307,Jair,br BRA,MF,Atlético Mineiro,27,1994,23.0,1338,23,187,815,348,48,1338,15,27,55.6,32,24,917,59,Matches,f3466edc
308,Jandrei,br BRA,GK,São Paulo,28,1993,18.3,724,540,706,18,0,0,724,0,0,,0,0,376,0,Matches,85ea4399
309,Vinícius Jaú,br BRA,MF,Avaí,23,1998,0.1,8,0,0,2,6,1,8,1,3,33.3,0,0,4,0,Matches,192d3898
310,Pablo Javier García,uy URU,FW,Coritiba,22,1999,0.1,1,0,1,1,0,0,1,0,0,,0,0,0,0,Matches,895321cd
311,Jean,br BRA,MF,Juventude,27,1994,13.1,608,63,246,292,74,9,608,3,3,100.0,15,6,249,4,Matches,69a34ec0
312,Jefferson,br BRA,DF,Atl Goianiense,25,1997,25.3,1738,100,645,773,346,20,1738,11,23,47.8,26,8,1085,43,Matches,9df5f945
313,Jefferson,br BRA,FW,Botafogo (RJ),22,1999,17.8,831,7,89,352,414,63,831,73,139,52.5,67,31,571,96,Matches,45cce300
314,Jemerson,br BRA,DF,Atlético Mineiro,29,1992,11.1,663,58,323,335,9,3,663,0,0,,5,0,445,0,Matches,7cab69b5
315,Jenison,br BRA,FW,Cuiabá,30,1991,3.6,125,5,11,62,53,11,125,1,2,50.0,15,5,89,12,Matches,767e6b7f
316,Alexandre Jesus,br BRA,MFDF,Fluminense,20,2001,0.7,48,1,7,15,28,7,48,1,6,16.7,1,2,26,5,Matches,25a323f3
317,Jô,br BRA,FW,Ceará,34,1987,8.7,253,17,27,114,114,42,252,3,3,100.0,16,6,184,58,Matches,e47d11f8
318,Jô,br BRA,FW,Corinthians,34,1987,2.2,74,7,10,31,33,6,74,1,1,100.0,3,4,61,10,Matches,e47d11f8
319,Joaquim,br BRA,DF,Cuiabá,23,1998,23.9,1285,207,679,543,75,35,1285,6,11,54.5,15,4,651,3,Matches,69e5e199
320,John,br BRA,GK,Santos,25,1996,1.0,31,29,31,0,0,0,31,0,0,,0,0,9,0,Matches,33a235af
321,Jonas,br BRA,MF,São Paulo,22,1999,0.3,14,0,1,6,7,0,14,0,0,,0,0,12,0,Matches,32794a5b
322,Felipe Jonatan,br BRA,DF,Santos,23,1998,23.0,1612,96,492,845,307,6,1612,25,49,51.0,14,14,936,32,Matches,0102ca7f
323,Jonathan,br BRA,DF,Botafogo (RJ),23,1998,0.5,42,0,6,32,4,0,42,0,0,,2,0,30,0,Matches,f3f60814
324,Jorge,br BRA,DF,Palmeiras,25,1996,5.2,317,14,88,148,82,3,317,7,12,58.3,7,2,169,10,Matches,13c44fc5
325,Jorginho,br BRA,MF,Atl Goianiense,31,1991,18.2,1123,33,148,549,446,69,1123,36,56,64.3,36,17,790,77,Matches,1f809750
326,Jhojan Julio,ec ECU,FWMF,Santos,23,1998,9.2,418,6,58,196,171,35,418,15,23,65.2,39,19,276,39,Matches,b1fc89f5
327,Juninho,br BRA,MF,América (MG),34,1987,34.5,1542,77,300,760,519,97,1542,40,76,52.6,71,39,927,138,Matches,7d10ca2e
328,Juninho,br BRA,MF,América (MG),35,1986,0.2,15,0,3,9,3,0,15,0,1,0.0,0,0,13,0,Matches,2cc16e46
329,Renato Junior,br BRA,FWMF,Goiás,19,2002,5.5,198,6,33,92,79,18,198,10,19,52.6,23,9,107,26,Matches,80b72720
330,Jussa,br BRA,MFDF,Fortaleza,25,1996,7.0,334,17,54,216,70,7,334,8,11,72.7,10,3,189,10,Matches,883f5dc8
331,Kaiky,br BRA,DF,Santos,18,2004,1.0,48,4,29,19,0,0,48,0,0,,0,0,33,0,Matches,55634fb8
332,Lucas Kal,br BRA,MF,América (MG),25,1996,24.0,1178,80,314,691,185,22,1178,8,19,42.1,19,9,612,15,Matches,33ed689d
333,Kanu,br BRA,DF,Botafogo (RJ),24,1997,16.1,899,128,480,400,23,13,899,5,5,100.0,3,5,586,0,Matches,fefa9b9a
334,Alan Kardec,br BRA,FWMF,Atlético Mineiro,33,1989,2.9,68,2,3,28,38,20,68,0,0,,6,2,59,22,Matches,e7fba767
335,Kauan,br BRA,FW,Bragantino,18,2003,0.3,9,1,1,5,4,1,9,0,0,,2,0,5,0,Matches,34375e0b
336,Kawê,br BRA,MFFW,América (MG),19,2002,0.3,9,0,2,1,6,2,9,0,0,,0,2,7,4,Matches,f1bca9ec
337,Kayque,br BRA,MF,Botafogo (RJ),21,2000,3.1,160,2,23,105,33,3,160,10,14,71.4,10,4,94,3,Matches,54b980d6
338,Renato Kayser,br BRA,FW,Fortaleza,25,1996,1.8,50,1,6,25,21,6,50,4,6,66.7,2,0,25,8,Matches,c7495dda
339,Gabriel Kazu,br BRA,MF,Avaí,22,1999,0.0,7,0,1,5,1,0,7,0,0,,0,0,5,0,Matches,42430d76
340,Keiller,br BRA,GK,Internacional,25,1996,15.0,397,357,397,0,0,0,397,0,0,,0,0,94,0,Matches,e38fde76
341,Thalisson Kelven,br BRA,DF,Juventude,23,1998,20.0,974,224,673,283,21,15,974,0,1,0.0,6,2,618,0,Matches,18e87471
342,Kelvi,br BRA,MF,Juventude,19,2002,0.5,10,0,2,8,0,0,10,0,0,,0,2,8,0,Matches,33143d85
343,Kelvin,br BRA,MFFW,Atl Goianiense,24,1997,3.4,224,4,18,74,135,14,224,8,18,44.4,9,7,165,23,Matches,b8dab818
344,Kelvyn,br BRA,FWDF,Ceará,22,1999,0.6,42,1,3,25,14,0,42,0,1,0.0,1,0,31,2,Matches,8b992778
345,John Kennedy,br BRA,FWMF,Fluminense,19,2002,1.6,57,0,2,13,42,15,57,3,10,30.0,8,3,38,14,Matches,132880e0
346,Keno,br BRA,FWMF,Atlético Mineiro,32,1989,20.6,994,9,82,346,583,78,994,51,110,46.4,52,32,728,145,Matches,98558c11
347,Kevin,br BRA,DF,Avaí,24,1997,29.2,2185,124,660,988,563,20,2184,14,31,45.2,25,9,1167,42,Matches,1f07666f
348,Khellven,br BRA,DF,Atl Paranaense,20,2001,23.4,1360,85,399,558,421,12,1359,13,35,37.1,33,8,669,56,Matches,cf18ab1b
349,Willian Klaus,br BRA,DF,Atl Goianiense,28,1994,6.0,375,69,203,156,17,9,375,0,0,,2,0,248,0,Matches,ddc86898
350,Willian Klaus,br BRA,DF,Botafogo (RJ),28,1994,1.0,24,9,20,4,0,0,24,0,0,,0,0,7,0,Matches,ddc86898
351,Benjamín Kuscevic,cl CHI,DF,Palmeiras,25,1996,3.3,148,15,77,68,4,2,148,1,1,100.0,0,0,88,0,Matches,9edddc34
352,Gabriel Lacerda,br BRA,DF,Ceará,22,1999,20.0,1038,161,520,492,36,18,1038,4,6,66.7,10,4,603,2,Matches,0664b5a6
353,Anthony Landazuri,ec ECU,DF,Fortaleza,24,1997,5.8,332,18,85,165,84,7,332,4,7,57.1,4,3,192,9,Matches,b3a267f0
354,Thauan Lara,br BRA,DFFW,Internacional,18,2004,3.8,188,8,67,93,28,2,188,2,7,28.6,3,3,112,3,Matches,c4dba1f3
355,Lázaro,br BRA,FWMF,Flamengo,19,2002,9.1,443,5,42,164,248,46,443,18,30,60.0,22,15,357,59,Matches,86ff856b
356,Anderson Leite,br BRA,MF,Juventude,28,1993,0.8,42,5,15,23,4,1,42,0,0,,0,0,25,2,Matches,9981c92d
357,Vinícius Leite,br BRA,MF,Avaí,28,1993,1.5,81,2,12,60,10,0,81,1,1,100.0,0,3,51,2,Matches,e991fbd7
358,Bernanrdo Lemes,br BRA,MFFW,Coritiba,20,2002,10.5,491,30,111,290,98,5,491,6,14,42.9,27,9,298,17,Matches,1ee9a3b6
359,Marcos Leonardo,br BRA,FW,Santos,18,2003,32.0,681,32,47,287,355,134,679,21,45,46.7,81,27,515,167,Matches,3f47ebce
360,Vitor Leque,br BRA,MFDF,Juventude,21,2001,0.6,26,0,2,12,13,2,26,1,1,100.0,2,2,23,4,Matches,6ba15719
361,Lima,br BRA,FWMF,Ceará,25,1996,21.5,1179,22,157,645,391,43,1177,29,54,53.7,39,40,808,73,Matches,d215c7de
362,Anderson Lima,br BRA,MFFW,São Paulo,22,1999,2.3,122,0,13,66,43,13,122,1,4,25.0,9,4,93,18,Matches,59be3a74
363,Lucas Lima,br BRA,DFMF,Atl Goianiense,21,2000,1.4,96,2,16,32,49,6,96,3,4,75.0,4,5,64,11,Matches,c4c45622
364,Lucas Lima,br BRA,MFFW,Fortaleza,31,1990,13.0,746,6,76,365,310,29,746,10,18,55.6,26,12,523,66,Matches,49d03337
365,Rodrigo Lindoso,br BRA,MF,Ceará,32,1989,9.6,586,28,145,366,81,12,586,2,6,33.3,9,3,380,11,Matches,7b013540
366,Liziero,br BRA,MF,Internacional,23,1998,5.6,361,16,85,240,40,3,361,7,10,70.0,12,5,231,6,Matches,318ecb8c
367,David Loiola,br BRA,DF,Ceará,19,2002,4.4,196,37,114,73,9,4,196,1,1,100.0,4,3,118,0,Matches,eddf365e
368,Marcelo Lomba,br BRA,GK,Palmeiras,35,1986,3.0,119,112,119,0,0,0,119,0,0,,0,0,35,0,Matches,e4835e3c
369,Kevin Lomónaco,ar ARG,DF,Bragantino,20,2002,12.4,758,79,326,410,31,5,758,4,4,100.0,6,3,506,1,Matches,dd5ddb83
370,José López,ar ARG,FW,Palmeiras,21,2000,6.1,178,6,13,78,90,35,178,5,8,62.5,16,3,121,25,Matches,e1426a52
371,Henrique Lordelo,br BRA,MFDF,Goiás,21,2000,1.4,62,3,19,37,10,0,62,1,1,100.0,0,0,29,0,Matches,b63394ba
372,Guillermo de los Santos,uy URU,DF,Coritiba,30,1991,10.5,550,111,295,232,28,10,550,1,2,50.0,5,0,302,2,Matches,1ac629b0
373,Luan,br BRA,MF,São Paulo,22,1999,1.8,122,2,34,69,19,0,122,0,0,,2,0,91,0,Matches,12a226cf
374,Luan,br BRA,MF,Goiás,31,1990,0.5,31,0,5,16,10,0,31,2,3,66.7,1,0,17,2,Matches,22fc8906
375,Lucão,br BRA,GK,Bragantino,20,2001,1.0,45,35,45,0,0,0,45,0,0,,0,0,18,0,Matches,ebb5a0df
376,Lucas,br BRA,DF,Santos,20,2001,16.2,1108,42,250,515,367,15,1108,19,48,39.6,26,21,636,50,Matches,5d68f5b2
377,Ayrton Lucas,br BRA,DF,Flamengo,24,1997,28.4,1927,95,568,896,491,35,1927,37,82,45.1,37,36,1212,59,Matches,db90b737
378,João Lucas,br BRA,DFMF,Cuiabá,23,1998,23.8,1355,66,430,593,352,23,1355,6,24,25.0,20,12,660,42,Matches,289dc81e
379,Luciano,br BRA,FW,São Paulo,28,1993,22.6,970,13,89,514,376,82,967,26,37,70.3,37,20,768,114,Matches,24ce161c
380,André Luis,br BRA,FWMF,Cuiabá,24,1997,20.4,647,7,97,259,302,61,647,17,48,35.4,47,22,461,97,Matches,821097f7
381,Filipe Luís,br BRA,DF,Flamengo,36,1985,7.1,630,22,112,343,182,7,630,5,8,62.5,7,4,460,19,Matches,e4ed2628
382,Victor Luis,br BRA,DF,Ceará,28,1993,15.7,1079,51,287,586,218,3,1079,6,15,40.0,18,9,651,14,Matches,cc68c4d3
383,David Luiz,br BRA,DF,Flamengo,34,1987,15.8,1156,115,429,664,69,20,1156,2,4,50.0,7,4,850,4,Matches,c0e27d1a
384,Luizão,br BRA,DF,São Paulo,19,2002,11.0,646,86,309,330,12,5,646,1,3,33.3,4,0,406,0,Matches,fb02fba4
385,Vinícius Machado,br BRA,GK,Ceará,21,2000,2.0,40,40,40,0,0,0,40,1,1,100.0,0,0,17,0,Matches,0d9b2e53
386,Mádson,br BRA,DF,Santos,30,1992,23.8,1244,97,368,619,262,34,1244,1,7,14.3,16,3,696,49,Matches,766094be
387,Maguinho,br BRA,DFMF,Goiás,29,1993,21.6,988,83,351,409,244,22,988,16,45,35.6,36,9,446,40,Matches,d1c855c5
388,Gustavo Maia,br BRA,FW,Internacional,21,2001,0.2,8,0,0,3,5,1,8,0,0,,0,0,7,1,Matches,b36fed1d
389,Leonardo Maia,br BRA,MF,Bragantino,18,2003,0.3,,,,,,,,,,,,,,,Matches,a6f491e2
390,Pablo Maia,br BRA,MF,São Paulo,20,2002,22.8,1595,63,372,995,243,5,1595,9,14,64.3,26,10,1102,11,Matches,3a243771
391,Thiago Maia,br BRA,MF,Flamengo,24,1997,17.2,1323,46,294,807,233,7,1323,9,18,50.0,22,9,897,24,Matches,91e58f66
392,Maicon,br BRA,DF,Santos,33,1988,21.3,1277,204,640,584,64,23,1277,3,4,75.0,6,3,765,2,Matches,2a8683b9
393,Iago Maidana,br BRA,DF,América (MG),25,1996,11.5,486,76,271,203,15,9,484,2,3,66.7,6,2,275,2,Matches,e65a5924
394,Léo Mana,br BRA,DF,Corinthians,17,2004,0.5,25,0,9,11,5,0,25,0,0,,0,0,15,0,Matches,d7a180bc
395,Alef Manga,br BRA,FWMF,Coritiba,27,1994,27.0,1074,22,146,401,549,121,1072,37,67,55.2,70,26,739,149,Matches,559782c4
396,Manoel,br BRA,DF,Fluminense,31,1990,27.2,1915,212,826,1011,91,31,1915,3,8,37.5,16,6,1375,6,Matches,12748e35
397,Gustavo Mantuan,br BRA,FWDF,Corinthians,20,2001,9.6,533,9,95,251,197,25,533,18,34,52.9,32,10,360,43,Matches,0d717632
398,Luis Manuel Orejuela,co COL,DF,Atl Paranaense,26,1995,13.0,644,39,174,294,182,13,644,12,25,48.0,17,13,314,22,Matches,e6a6379d
399,Maranhão,br BRA,FW,Botafogo (RJ),19,2002,1.0,,,,,,,,,,,,,,,Matches,617f236c
400,Willian Maranhão,br BRA,MFDF,Atl Goianiense,26,1995,14.8,746,76,240,425,87,3,746,4,8,50.0,17,4,442,7,Matches,f1d95c74
401,Willian Maranhão,br BRA,MF,Santos,26,1995,1.8,74,4,25,40,10,0,74,0,0,,0,1,44,0,Matches,f1d95c74
402,Fernando Marçal,br BRA,DF,Botafogo (RJ),32,1989,17.1,1276,57,330,583,384,14,1276,9,19,47.4,19,5,624,21,Matches,9ae9eaea
403,Marcelo,br BRA,DF,Fortaleza,26,1996,29.0,1285,231,698,550,53,29,1285,9,14,64.3,15,6,648,8,Matches,300b455d
404,Marcinho,br BRA,FWMF,Avaí,26,1995,5.8,293,3,24,127,144,22,293,6,12,50.0,20,8,220,32,Matches,5465c7f9
405,Mariano,br BRA,DF,Atlético Mineiro,35,1986,19.2,1348,34,311,750,301,5,1348,6,15,40.0,14,5,797,34,Matches,e26f559f
406,Marinho,br BRA,FW,Flamengo,31,1990,15.3,713,8,78,218,438,52,712,27,62,43.5,37,23,483,96,Matches,c077c735
407,Rodriguinho Marinho,br BRA,FWMF,Cuiabá,33,1988,16.5,624,6,53,331,249,54,624,19,44,43.2,52,30,466,88,Matches,0e335a47
408,Marlon,br BRA,DF,América (MG),27,1994,24.3,1421,104,428,631,389,13,1421,17,31,54.8,26,19,710,45,Matches,a87b508e
409,Marlon,br BRA,DF,Fluminense,24,1997,3.0,157,18,47,67,44,5,157,0,0,,4,2,86,5,Matches,63969d01
410,Marlon,br BRA,MFFW,Juventude,31,1990,4.5,199,6,49,106,46,3,199,1,3,33.3,13,7,114,11,Matches,455c6130
411,Marlos,ua UKR,MFFW,Atl Paranaense,33,1988,1.7,101,0,5,54,42,5,101,1,2,50.0,0,5,80,10,Matches,9139bb12
412,Felipe Marques,br BRA,FWMF,Cuiabá,32,1990,10.6,428,8,45,137,252,43,428,17,38,44.7,36,21,324,62,Matches,30139a1c
413,Gustavo Marques,br BRA,DF,América (MG),20,2001,0.5,16,3,9,7,0,0,16,0,0,,0,0,6,0,Matches,b4fce835
414,Marquinhos,br BRA,MF,São Paulo,18,2003,0.3,15,0,2,4,9,0,15,0,0,,0,0,11,1,Matches,59878425
415,Marquinhos,br BRA,FWMF,Cuiabá,25,1997,2.2,114,2,23,45,49,3,114,7,15,46.7,4,7,76,10,Matches,a9c95220
416,Marrony,br BRA,FWMF,Fluminense,22,1999,2.0,138,4,19,55,66,9,138,4,13,30.8,5,2,92,8,Matches,1dff86ec
417,Matheus Martinelli,br BRA,MF,Fluminense,20,2001,18.0,1567,93,419,794,367,56,1567,26,48,54.2,27,30,1196,45,Matches,2b124c8c
418,Adrián Martínez,ar ARG,FWMF,Coritiba,29,1992,11.1,290,5,17,105,171,62,290,5,13,38.5,29,14,196,58,Matches,6c513f98
419,Matheus Martins,br BRA,FWMF,Fluminense,18,2003,17.8,912,22,132,298,494,83,912,34,86,39.5,39,44,729,105,Matches,73fd2787
420,Wellington Martins,br BRA,MF,Fluminense,31,1991,7.0,462,26,127,282,58,1,462,2,2,100.0,11,3,342,1,Matches,0430d656
421,Gonzalo Mastriani,uy URU,FW,América (MG),28,1993,5.2,131,5,10,65,61,25,131,5,11,45.5,14,11,85,19,Matches,b4339e2b
422,Mateusão,br BRA,FWMF,Flamengo,17,2004,2.5,64,6,9,24,32,8,64,1,3,33.3,5,2,45,17,Matches,78bee906
423,William Matheus,br BRA,DF,Juventude,31,1990,10.1,594,63,233,267,99,10,594,3,7,42.9,6,7,318,17,Matches,3498ddf4
424,Matheusinho,br BRA,MFFW,América (MG),23,1998,15.3,773,12,85,321,382,42,773,29,61,47.5,40,27,535,78,Matches,74f5a96d
425,Matheuzinho,br BRA,DF,Flamengo,21,2000,23.9,1600,69,417,728,475,42,1600,16,32,50.0,28,7,1031,90,Matches,2a5bc0cd
426,Diego Matos,br BRA,DF,Avaí,25,1997,1.2,80,7,30,42,10,0,80,0,1,0.0,2,0,33,0,Matches,4b799458
427,Mauricio,br BRA,FWMF,Internacional,20,2001,17.4,852,9,89,358,418,64,852,14,32,43.8,25,12,628,118,Matches,bf4cbc22
428,Maycon,br BRA,MF,Corinthians,24,1997,8.8,587,14,80,390,124,9,587,4,6,66.7,10,1,427,19,Matches,005ca692
429,Mayke,br BRA,DFFW,Palmeiras,29,1992,16.3,1073,46,316,485,283,36,1073,15,25,60.0,19,4,651,65,Matches,47431289
430,Bruno Melo,br BRA,DFMF,Corinthians,29,1992,4.9,293,19,72,154,67,8,293,0,1,0.0,2,0,207,7,Matches,41ee21ae
431,Felipe Melo,br BRA,DFMF,Fluminense,38,1983,8.1,544,56,202,318,27,4,544,3,3,100.0,4,2,364,1,Matches,b14d84d3
432,Darlan Mendes,br BRA,MFFW,Juventude,23,1998,1.3,92,1,26,50,18,1,92,4,4,100.0,5,0,61,0,Matches,a86f0d7b
433,Vitor Mendes,br BRA,DF,Juventude,22,1999,18.3,962,141,568,372,31,17,962,0,2,0.0,12,2,599,1,Matches,3cdbeab9
434,Bruno Méndez,uy URU,DF,Internacional,22,1999,4.8,266,51,153,103,13,5,266,0,2,0.0,3,1,159,1,Matches,66017b9d
435,Bruno Méndez,uy URU,DF,Corinthians,22,1999,12.6,836,64,337,416,87,10,836,4,6,66.7,5,5,501,4,Matches,66017b9d
436,Stiven Mendoza,co COL,FW,Ceará,29,1992,25.9,990,11,90,357,571,120,988,44,97,45.4,61,52,785,161,Matches,e68f2cb4
437,Ramon Menezes Roma,br BRA,DF,Atl Goianiense,26,1995,14.0,819,120,459,343,18,10,819,0,1,0.0,1,1,561,0,Matches,eab48ffb
438,Gabriel Menino,br BRA,MF,Palmeiras,21,2000,10.2,762,24,123,446,202,12,762,8,19,42.1,17,10,544,29,Matches,01819e70
439,Gabriel Mercado,ar ARG,DF,Internacional,34,1987,23.6,1227,180,599,597,37,13,1227,0,6,0.0,5,0,812,2,Matches,bf97c188
440,John Mercado,ec ECU,FW,Atl Paranaense,19,2002,0.0,6,0,3,0,3,0,6,0,1,0.0,0,1,5,1,Matches,d97831ad
441,Miguel Merentiel,uy URU,FWMF,Palmeiras,25,1996,2.6,63,0,3,27,33,9,63,3,5,60.0,6,1,49,12,Matches,307224a2
442,Messias,br BRA,DF,Ceará,27,1994,23.0,969,152,456,481,35,24,969,1,1,100.0,2,1,538,3,Matches,70bb3170
443,Lucas Mezenga,br BRA,DF,Botafogo (RJ),20,2001,3.1,193,18,89,90,15,5,193,0,1,0.0,1,0,114,0,Matches,d62f5849
444,Michel,br BRA,DF,Ceará,31,1990,11.8,672,35,216,303,158,7,672,6,9,66.7,10,4,378,18,Matches,05384ea1
445,Carlos Miguel,br BRA,GK,Corinthians,23,1998,2.0,61,59,61,0,0,0,61,0,0,,0,0,13,0,Matches,84454067
446,Fernando Miguel,br BRA,GK,Fortaleza,36,1985,20.0,527,454,526,1,0,0,527,0,0,,0,0,131,0,Matches,f1f06658
447,Miranda,br BRA,DF,São Paulo,37,1984,12.8,758,113,392,354,15,14,758,3,4,75.0,3,0,439,1,Matches,314f2124
448,Paulo Miranda,br BRA,DF,Juventude,33,1988,16.4,931,144,503,397,35,21,931,0,1,0.0,6,1,585,3,Matches,93a194e1
449,Paulinho Moccelin,br BRA,MFFW,Juventude,27,1994,4.3,178,5,37,76,68,12,178,1,11,9.1,11,5,93,12,Matches,d63fb6a8
450,Moisés,br BRA,DF,Internacional,26,1995,6.5,390,21,111,190,96,14,390,10,17,58.8,8,4,238,18,Matches,a40af810
451,Moises,br BRA,FWMF,Fortaleza,25,1996,25.0,872,23,85,321,487,108,872,65,126,51.6,61,37,610,150,Matches,ddd07a25
452,Rodrigo Moledo,br BRA,DF,Internacional,34,1987,13.5,708,110,350,329,33,26,708,1,4,25.0,9,2,423,1,Matches,ce536c37
453,Jacob Montes,us USA,MF,Botafogo (RJ),23,1998,1.0,34,0,6,14,14,2,34,1,2,50.0,2,2,25,4,Matches,69678c84
454,Moraes,br BRA,DFMF,Juventude,24,1997,15.2,877,55,294,358,240,21,877,17,41,41.5,21,17,443,40,Matches,9b974a99
455,Airton Moraes,br BRA,GK,América (MG),27,1994,1.0,30,26,30,0,0,0,30,0,0,,0,0,6,0,Matches,5e8682b0
456,Júnior Moraes,ua UKR,FW,Corinthians,34,1987,4.5,119,0,6,59,56,14,119,2,7,28.6,14,5,81,21,Matches,c43e5e7e
457,Wesley Moraes,br BRA,FW,Internacional,25,1996,3.3,115,5,9,46,60,16,115,6,7,85.7,7,4,92,20,Matches,bfae110f
458,Morato,br BRA,FWMF,Avaí,29,1992,7.3,313,6,37,129,150,16,313,16,27,59.3,29,15,247,39,Matches,96b49b3b
459,João Moreira,pt POR,DF,São Paulo,17,2004,3.2,212,4,40,84,89,7,212,10,16,62.5,8,6,148,18,Matches,b3be99e3
460,Lucas Moreira,br BRA,MFFW,Cuiabá,21,2000,1.4,82,0,9,27,48,7,82,0,4,0.0,4,2,62,11,Matches,b9d412ff
461,Gustavo Mosquito,br BRA,FWMF,Corinthians,24,1997,12.6,506,12,73,208,230,46,506,17,45,37.8,21,15,384,68,Matches,c9ed46c4
462,Hugo Moura,br BRA,MF,Atl Paranaense,24,1998,19.4,996,47,262,636,114,9,996,9,14,64.3,23,7,609,12,Matches,14100165
463,Alex Muralha,br BRA,GK,Coritiba,32,1989,19.0,539,460,536,3,0,0,539,0,0,,0,0,145,0,Matches,38082f12
464,Muriqui,br BRA,FWMF,Avaí,35,1986,14.3,506,5,43,271,197,37,504,8,27,29.6,25,12,372,85,Matches,a55ac46c
465,Andrey Ramos do Nascimento,br BRA,MF,Coritiba,23,1998,5.4,355,8,53,216,93,8,355,8,13,61.5,12,6,242,12,Matches,eb55ab5a
466,Matheus Nascimento,br BRA,FWMF,Botafogo (RJ),17,2004,6.8,219,8,16,100,105,28,219,7,14,50.0,24,14,149,41,Matches,e744c3de
467,Natan,br BRA,DF,Bragantino,20,2001,32.0,1763,220,858,851,66,22,1763,11,15,73.3,7,7,1189,5,Matches,94bccc82
468,Natanael,br BRA,DF,Coritiba,20,2002,16.0,854,64,285,333,244,12,854,13,30,43.3,23,11,423,27,Matches,0b618504
469,Natanael,br BRA,DFFW,Avaí,31,1990,13.4,659,37,182,248,237,17,659,10,23,43.5,15,9,344,41,Matches,ed560575
470,Léo Natel,br BRA,FW,Corinthians,24,1997,0.3,15,0,0,6,9,1,15,0,0,,0,2,12,4,Matches,cd8d04a2
471,Nathan,br BRA,DF,Santos,20,2001,6.9,428,19,115,229,93,3,428,13,30,43.3,4,8,242,6,Matches,9fb6420e
472,Nathan,br BRA,MF,Goiás,20,2001,0.0,3,0,0,2,1,0,3,0,0,,0,0,2,0,Matches,eb61284b
473,Nathan,br BRA,MFFW,Fluminense,25,1996,10.7,698,19,93,262,345,31,698,13,22,59.1,22,10,508,64,Matches,fa00f0c9
474,Nathan,br BRA,DF,Coritiba,19,2002,5.0,267,20,76,128,66,8,267,5,12,41.7,9,4,127,8,Matches,c5aa7b35
475,Nathan,br BRA,FWMF,Avaí,22,1999,1.1,32,0,2,13,18,8,32,0,0,,3,1,22,7,Matches,e0d5a5e9
476,Rafael Navarro,br BRA,FWMF,Palmeiras,21,2000,8.0,218,3,16,79,130,46,218,9,13,69.2,30,12,137,38,Matches,4b5ab509
477,Kaiky Naves,br BRA,DFMF,Palmeiras,19,2002,0.4,22,4,10,11,1,0,22,0,0,,0,0,15,0,Matches,621576f9
478,Bruno Nazário,br BRA,MF,Juventude,26,1995,6.5,364,3,42,173,154,17,364,8,20,40.0,16,7,250,30,Matches,dc1d79a5
479,Neílton,br BRA,FWDF,Coritiba,27,1994,0.9,53,1,3,36,14,1,53,1,4,25.0,1,1,37,4,Matches,689299a6
480,Gabriel Neris,br BRA,MF,Juventude,20,2001,2.4,102,5,15,73,15,1,102,3,8,37.5,2,3,67,7,Matches,54fe5551
481,Gustavo Nescau,br BRA,FW,Cuiabá,21,2000,0.3,9,0,3,4,2,1,9,0,0,,4,1,7,1,Matches,0682693b
482,Rodrigo Nestor,br BRA,MF,São Paulo,21,2000,23.6,1292,20,190,555,560,79,1292,22,53,41.5,38,27,860,138,Matches,c04ebe99
483,Gabriel Neves,uy URU,MF,São Paulo,24,1997,6.3,458,9,83,321,56,1,458,1,1,100.0,7,8,327,6,Matches,2a03fb5f
484,Nicolas,br BRA,FWMF,Goiás,32,1989,11.1,449,26,57,181,215,53,449,12,19,63.2,46,16,326,55,Matches,0e74a520
485,Nikão,br BRA,FWMF,São Paulo,29,1992,5.8,329,4,12,129,188,15,329,8,18,44.4,10,5,261,49,Matches,a34bb194
486,Nino,br BRA,DF,Fluminense,24,1997,27.9,1831,214,890,884,64,22,1831,13,18,72.2,9,8,1300,1,Matches,d4fa2207
487,Gabriel Noga,br BRA,DF,Atl Goianiense,20,2002,0.0,,,,,,,,,,,,,,,Matches,aa306af5
488,Ygor Nogueira,br BRA,DF,Juventude,26,1995,5.0,279,44,171,105,4,2,279,1,1,100.0,1,0,176,1,Matches,38466ef3
489,Nonato,br BRA,MF,Fluminense,23,1998,12.1,1082,35,188,619,278,11,1082,11,24,45.8,15,16,876,24,Matches,b91a6912
490,Nonoca,br BRA,MF,Avaí,23,1998,11.5,640,34,182,404,66,8,640,9,18,50.0,18,14,397,6,Matches,06c062d4
491,Gabriel Novaes,br BRA,FWMF,Bragantino,22,1999,4.3,120,3,13,50,59,12,120,5,11,45.5,9,6,86,18,Matches,297a324a
492,Thales Oleques,br BRA,DF,Avaí,27,1994,6.2,352,30,134,132,86,0,352,1,5,20.0,4,3,172,9,Matches,a30f8286
493,Bruno Oliveira,br BRA,MFFW,Santos,23,1998,5.0,310,2,34,176,102,12,310,4,13,30.8,11,4,223,19,Matches,d46904eb
494,Yuri Oliveira Lima,br BRA,MF,Juventude,27,1994,16.8,1016,36,256,628,136,9,1016,12,14,85.7,17,12,705,12,Matches,bcf3d64e
495,Pedro Oliveira,br BRA,MFFW,Goiás,17,2004,3.3,176,4,42,70,68,9,176,5,15,33.3,7,6,97,23,Matches,089b56d8
496,Leo Ortiz,br BRA,DF,Bragantino,26,1996,21.4,1415,201,691,693,44,12,1415,13,15,86.7,10,2,896,4,Matches,53834fa2
497,Kelvin Osorio,co COL,MFDF,Cuiabá,28,1993,10.5,574,22,105,250,229,14,574,6,11,54.5,8,7,329,34,Matches,1247ace9
498,Otávio,br BRA,MF,Atlético Mineiro,27,1994,12.9,995,28,250,700,55,4,995,4,6,66.7,7,5,722,9,Matches,243f4a0b
499,Luiz Otávio,br BRA,DF,Ceará,33,1988,21.2,1031,142,555,437,45,27,1031,4,6,66.7,11,3,592,5,Matches,ed976dd9
500,Rómulo Otero,ve VEN,MFFW,Fortaleza,29,1992,2.6,154,0,9,73,75,3,154,6,12,50.0,6,7,103,14,Matches,96fdc3c0
501,Luis Oyama,br BRA,MF,Botafogo (RJ),25,1997,12.0,709,21,142,473,100,6,709,15,21,71.4,13,19,444,12,Matches,ed0c094b
502,Pablo,br BRA,FW,Atl Paranaense,29,1992,16.6,559,31,60,262,241,44,559,8,16,50.0,43,18,377,66,Matches,1ad394c5
503,Pablo,br BRA,DF,Flamengo,30,1991,21.6,1412,193,721,674,31,19,1412,6,6,100.0,11,2,916,1,Matches,29d8ad3f
504,Juan Pablo,br BRA,DFMF,Goiás,19,2002,1.9,91,5,30,39,22,3,91,1,1,100.0,2,0,38,2,Matches,f40465af
505,Juan Pablo Ramírez,co COL,MFFW,América (MG),24,1997,4.5,263,1,33,119,114,19,263,12,24,50.0,13,10,169,18,Matches,20a17a29
506,Bruno Pacheco,br BRA,DF,Ceará,30,1991,26.1,,,,,,,,,,,,,,,Matches,9b7976e6
507,Igor Paixão,br BRA,FWMF,Coritiba,21,2000,17.2,715,12,88,261,388,62,715,47,94,50.0,46,21,464,80,Matches,089c7323
508,Pará,br BRA,MF,Juventude,19,2002,0.9,45,2,14,28,3,0,45,0,0,,1,0,33,0,Matches,5b1cd0cc
509,Nino Paraíba,br BRA,DF,Ceará,36,1986,24.6,1472,63,379,620,507,29,1472,30,74,40.5,45,13,831,79,Matches,403ef062
510,Guilherme Parede,br BRA,FWMF,Juventude,26,1995,6.6,,,,,,,,,,,,,,,Matches,2da1c94c
511,Weslley Patati,br BRA,FW,Santos,18,2003,0.2,,,,,,,,,,,,,,,Matches,0df16cd7
512,Patrick,br BRA,MFFW,São Paulo,29,1992,21.8,1067,23,162,515,411,77,1067,31,73,42.5,69,44,762,118,Matches,92add14e
513,Alan Patrick,br BRA,MFFW,Internacional,30,1991,17.5,1062,4,78,535,473,60,1060,29,48,60.4,43,34,798,93,Matches,00672021
514,Luan Patrick,br BRA,DF,América (MG),20,2002,9.0,423,50,197,175,55,2,423,1,3,33.3,2,1,230,4,Matches,dd5d1c85
515,Patryck,br BRA,DF,São Paulo,19,2003,0.3,16,0,7,8,1,0,16,1,1,100.0,0,0,10,0,Matches,8dcbd7af
516,Giuliano de Paula,br BRA,MF,Corinthians,31,1990,18.4,1225,23,177,736,321,40,1225,21,31,67.7,30,22,910,77,Matches,ab1b205d
517,Patrick de Paula,br BRA,MF,Botafogo (RJ),22,1999,11.3,585,24,122,371,98,4,585,10,15,66.7,16,9,344,18,Matches,9f12fbb7
518,Paulão,br BRA,DF,Cuiabá,35,1986,8.0,345,72,190,138,17,11,345,0,1,0.0,2,2,187,0,Matches,20587790
519,Paulinho,br BRA,FWMF,América (MG),23,1998,3.2,116,1,7,35,75,10,116,9,14,64.3,10,6,79,21,Matches,bc486f0e
520,Paulinho,br BRA,MF,Corinthians,33,1988,1.8,106,6,18,66,22,1,106,5,5,100.0,5,3,77,5,Matches,bb7337cc
521,Caio Paulista,br BRA,DF,Fluminense,23,1998,17.9,1162,40,226,491,469,63,1162,48,92,52.2,38,32,762,65,Matches,701bb051
522,Wellington Paulista,br BRA,FW,América (MG),37,1984,5.7,164,3,15,69,83,27,163,1,1,100.0,14,4,123,21,Matches,f2eece5b
523,João Paulo,br BRA,DF,América (MG),35,1986,3.9,224,11,65,98,63,2,224,1,6,16.7,4,2,104,5,Matches,ce208556
524,João Paulo,br BRA,GK,Santos,26,1995,37.0,1067,901,1058,9,0,0,1067,3,3,100.0,1,0,346,0,Matches,d0102ca0
525,Marcos Paulo,br BRA,DF,Flamengo,19,2003,0.3,26,0,16,7,4,0,26,0,0,,0,0,7,0,Matches,4dd6bb79
526,Cristian Pavón,ar ARG,FWMF,Atlético Mineiro,26,1996,7.7,427,2,36,181,214,37,427,21,35,60.0,16,12,301,65,Matches,a664b026
527,Pedrinho,br BRA,FWMF,América (MG),22,1999,10.8,489,14,72,154,286,48,489,29,58,50.0,34,28,331,54,Matches,035341ba
528,Pedrinho,br BRA,DFFW,Atl Paranaense,19,2002,15.4,829,45,243,384,215,8,829,14,37,37.8,18,10,440,32,Matches,64aadf6b
529,Pedrinho,br BRA,MFFW,Atlético Mineiro,23,1998,2.5,172,1,19,91,62,6,172,4,13,30.8,6,3,129,7,Matches,6796e284
530,Pedrinho,br BRA,FW,Flamengo,18,2003,0.1,4,0,1,2,1,0,4,0,0,,1,0,3,1,Matches,118d25ee
531,Pedro,br BRA,FW,Flamengo,24,1997,13.0,340,14,24,118,201,89,339,10,22,45.5,37,16,244,80,Matches,1ab6fad3
532,João Pedro,br BRA,DFFW,Corinthians,25,1996,1.3,63,9,31,26,8,2,63,3,4,75.0,1,0,29,1,Matches,31d1ed52
533,João Pedro Pepê,br BRA,MF,Cuiabá,24,1998,25.8,1451,41,254,827,401,29,1451,34,52,65.4,41,32,987,61,Matches,d75471eb
534,Peglow,br BRA,FWMF,Atl Goianiense,20,2002,2.6,158,5,21,53,86,10,158,9,17,52.9,8,5,105,11,Matches,8a861bc5
535,Pegorari,br BRA,GK,Juventude,30,1991,12.7,416,365,416,0,0,0,416,0,0,,0,0,140,0,Matches,2ad9d2e3
536,Matheus Peixoto,br BRA,FW,Ceará,26,1995,5.2,150,6,10,85,57,22,150,2,3,66.7,11,5,112,23,Matches,05160796
537,Douglas Pelé,br BRA,FWDF,Goiás,22,1999,1.0,32,0,10,14,9,0,32,1,4,25.0,4,2,17,1,Matches,7c6ac38f
538,Léo Pelé,br BRA,DF,São Paulo,25,1996,27.6,1771,85,554,1106,121,14,1771,12,15,80.0,11,7,1291,8,Matches,77980eb9
539,Carlos de Pena,uy URU,MFFW,Internacional,29,1992,29.3,2011,58,282,1055,691,38,2008,12,22,54.5,32,13,1302,82,Matches,6b915aa1
540,Andreas Pereira,br BRA,MF,Flamengo,26,1996,8.8,527,10,54,263,214,11,527,5,9,55.6,11,6,368,20,Matches,6639e500
541,Egídio Pereira Júnior,br BRA,DFMF,Coritiba,35,1986,14.0,904,43,229,381,307,13,904,18,25,72.0,25,5,494,39,Matches,6c5b3d31
542,Léo Pereira,br BRA,DF,Flamengo,26,1996,12.4,997,67,335,583,87,13,997,2,3,66.7,8,0,752,3,Matches,bd247251
543,Hernán Pérez,py PAR,FW,Coritiba,32,1989,1.1,45,0,5,22,18,4,45,1,4,25.0,2,1,31,6,Matches,e1cea3f7
544,Lucas Perri,br BRA,GK,Botafogo (RJ),24,1997,3.8,126,105,125,1,0,0,126,0,0,,0,0,40,0,Matches,5dbd461a
545,Petterson,br BRA,FWMF,Flamengo,18,2004,0.3,8,0,1,4,4,0,8,0,0,,0,0,5,1,Matches,9943597e
546,Yan Phillipe,br BRA,FW,Atlético Mineiro,17,2004,0.2,18,0,1,12,5,1,18,1,2,50.0,1,0,11,2,Matches,03d01a35
547,Lucas Piazon,br BRA,FWMF,Botafogo (RJ),28,1994,8.3,398,11,47,210,146,11,398,6,20,30.0,13,6,255,33,Matches,f201798c
548,Yago Pikachu,br BRA,DFMF,Fortaleza,29,1992,13.4,618,16,103,276,248,38,616,9,17,52.9,18,13,412,67,Matches,462f1e13
549,Mario Pineida,ec ECU,DF,Fluminense,29,1992,3.7,251,11,66,118,68,6,251,4,15,26.7,4,5,164,10,Matches,2990a468
550,Joaquín Piquerez,uy URU,DF,Palmeiras,23,1998,24.7,1547,70,477,707,383,25,1547,18,45,40.0,25,10,915,62,Matches,46009f44
551,Gabriel Pirani,br BRA,FWMF,Santos,19,2002,0.5,24,0,4,3,17,2,24,0,0,,2,1,19,8,Matches,17205abf
552,Gabriel Pirani,br BRA,MFFW,Cuiabá,19,2002,4.9,174,1,18,60,100,15,174,4,9,44.4,8,10,118,27,Matches,17205abf
553,Felipe Pires,br BRA,MFFW,Juventude,26,1995,7.4,285,1,33,128,128,15,285,5,16,31.3,6,8,224,37,Matches,2cd3d3ce
554,Rafael Pires,br BRA,GK,Atlético Mineiro,32,1989,1.0,20,18,20,0,0,0,20,0,0,,0,0,9,0,Matches,539f6761
555,Lucas Piton,br BRA,DFFW,Corinthians,21,2000,19.7,1321,42,325,629,381,25,1321,14,28,50.0,25,12,820,43,Matches,defce7f1
556,Isidro Pitta,py PAR,FW,Juventude,22,1999,26.8,755,22,55,339,375,109,754,20,43,46.5,58,27,562,143,Matches,e9fc7295
557,Luan Polli,br BRA,GK,Atl Goianiense,28,1993,2.0,68,62,68,0,0,0,68,0,0,,0,0,20,0,Matches,96aa89c4
558,Diego Porfirio,br BRA,DF,Coritiba,22,1999,5.0,303,15,93,147,66,4,303,3,11,27.3,8,1,161,12,Matches,8512d219
559,William Pottker,br BRA,FWMF,Avaí,28,1993,21.9,1078,19,115,493,491,83,1076,52,106,49.1,84,39,826,130,Matches,214a16c5
560,Bruno Praxedes,br BRA,MF,Bragantino,19,2002,6.5,341,3,25,196,126,17,341,9,15,60.0,9,10,263,34,Matches,5dd520a8
561,Erick Pulgar,cl CHI,MF,Flamengo,28,1994,3.9,322,12,72,208,44,0,322,2,3,66.7,1,1,222,2,Matches,4611e028
562,Jean Pyerre,br BRA,MF,Avaí,23,1998,8.4,674,1,63,424,194,6,674,10,18,55.6,12,9,523,29,Matches,b41dc073
563,Du Queiroz,br BRA,MF,Corinthians,22,2000,28.9,1740,21,288,1091,380,35,1740,36,64,56.3,64,29,1292,78,Matches,8440b0cb
564,Igor Rabello,br BRA,DF,Atlético Mineiro,26,1995,6.7,479,45,213,249,20,9,479,0,0,,0,1,338,2,Matches,48048864
565,Rafael,br BRA,DF,Botafogo (RJ),31,1990,3.1,186,7,60,89,39,4,186,4,6,66.7,4,2,100,4,Matches,9a1f2e1c
566,Caio Rafael,br BRA,FW,Ceará,17,2004,0.4,17,1,2,3,12,2,17,1,2,50.0,0,0,14,4,Matches,b7cda839
567,Léo Rafael,br BRA,FWMF,Ceará,20,2001,1.0,60,1,4,35,21,3,60,1,2,50.0,0,1,51,5,Matches,ef1df474
568,Zé Rafael,br BRA,MF,Palmeiras,28,1993,28.5,1551,36,322,912,355,59,1551,37,68,54.4,51,51,1038,65,Matches,634b1413
569,Rafinha,br BRA,DF,São Paulo,36,1985,28.5,2246,95,638,1354,266,5,2246,3,5,60.0,15,0,1583,21,Matches,d003e213
570,Rafinha,au AUS,FWMF,Juventude,19,2002,4.2,182,1,29,75,80,13,182,7,16,43.8,13,6,121,17,Matches,a8f19786
571,Eric Ramires,br BRA,MFFW,Bragantino,21,2000,12.9,691,21,112,392,199,15,691,9,20,45.0,27,12,435,25,Matches,37faa4cb
572,Lucas Ramires,br BRA,DF,Juventude,19,2002,0.3,13,3,7,5,1,0,13,0,0,,0,0,11,0,Matches,32395c13
573,Ramon,br BRA,DF,Bragantino,20,2001,8.0,534,27,162,249,127,7,534,11,21,52.4,15,9,270,20,Matches,fdf88bc0
574,Lucas Ramos,br BRA,MFFW,Internacional,21,2001,0.9,43,1,12,23,10,0,43,1,2,50.0,0,1,26,1,Matches,c0163100
575,Rafael Ramos,pt POR,DF,Corinthians,27,1995,14.5,987,39,314,456,231,11,987,17,28,60.7,7,4,604,24,Matches,f8ddf51c
576,Raniele,br BRA,MFDF,Avaí,25,1996,31.3,1958,200,689,1097,196,31,1958,38,64,59.4,40,23,1258,30,Matches,a025365f
577,Wellington Rato,br BRA,FWMF,Atl Goianiense,29,1992,30.9,1513,35,207,683,639,81,1513,36,60,60.0,51,34,1079,157,Matches,598917cf
578,Raul,br BRA,MF,Bragantino,25,1996,27.5,1845,90,543,1147,173,2,1845,15,28,53.6,28,19,1235,16,Matches,c2f9cf65
579,Pedro Raul,br BRA,FW,Goiás,25,1996,30.5,826,47,76,332,431,157,823,21,42,50.0,91,37,606,135,Matches,ed074559
580,Leonardo Realpe,ec ECU,DF,Bragantino,20,2001,7.4,425,59,227,187,14,3,425,3,3,100.0,3,0,254,1,Matches,57701cbd
581,Régis,br BRA,MF,Coritiba,29,1992,8.5,351,7,38,168,148,23,351,5,13,38.5,22,10,221,42,Matches,0e2331f3
582,Reinaldo,br BRA,DFFW,São Paulo,32,1989,16.3,1027,31,172,438,432,23,1026,17,34,50.0,25,17,568,47,Matches,ab3edc87
583,César Reis,br BRA,GK,Juventude,26,1995,24.3,766,649,763,4,0,0,766,0,0,,1,1,270,0,Matches,76d4135b
584,Renan,br BRA,DF,Bragantino,19,2002,3.2,180,36,110,71,3,0,180,2,4,50.0,4,1,100,0,Matches,80c738be
585,Robert Renan,br BRA,DF,Corinthians,18,2003,10.0,628,86,322,299,11,1,628,2,2,100.0,9,3,413,0,Matches,168a2e81
586,Renato,br BRA,DFMF,Avaí,32,1990,11.3,573,24,130,252,196,10,573,8,17,47.1,20,10,371,33,Matches,8fe5bdcd
587,Renê,br BRA,DF,Internacional,29,1992,27.5,2066,101,645,1059,388,12,2066,17,32,53.1,26,16,1257,28,Matches,d000ffc7
588,Réver,br BRA,DF,Atlético Mineiro,37,1985,10.5,857,127,448,399,13,7,857,3,4,75.0,3,2,598,2,Matches,1938fd6a
589,Rhaldney,br BRA,MFFW,Atl Goianiense,23,1998,2.0,117,11,27,64,26,1,117,2,2,100.0,4,1,68,4,Matches,ae3ef77f
590,Everton Ribeiro,br BRA,MFFW,Flamengo,32,1989,19.9,1384,19,146,645,611,49,1384,42,59,71.2,51,34,1041,116,Matches,68fb50a2
591,Lucas Ribeiro,br BRA,DFMF,Ceará,23,1999,5.6,307,34,155,149,5,2,307,3,5,60.0,4,1,208,2,Matches,607d64c6
592,Matheus Ribeiro,br BRA,DF,Avaí,28,1993,0.2,5,1,4,1,0,0,5,0,0,,0,0,0,0,Matches,7ae055bb
593,Wesley Ribeiro,br BRA,MFFW,Corinthians,16,2005,0.1,10,0,0,4,6,0,10,0,1,0.0,2,0,6,1,Matches,acf5672b
594,Ricardinho,br BRA,FW,Atl Goianiense,20,2001,2.6,79,0,1,38,40,14,79,0,1,0.0,13,0,57,22,Matches,45a1777c
595,João Ricardo Riedi,br BRA,GK,Ceará,33,1988,35.0,1123,909,1121,2,0,0,1123,0,0,,1,0,397,0,Matches,4729d71a
596,Vitor Ricardo,br BRA,DF,Fortaleza,21,2000,1.3,71,1,14,38,21,0,71,1,2,50.0,3,0,46,3,Matches,1f3906c9
597,Zé Ricardo,br BRA,MF,América (MG),25,1996,2.6,180,14,53,100,29,0,180,3,4,75.0,3,3,130,1,Matches,352f938e
598,Richard,br BRA,GK,Ceará,30,1991,1.0,26,22,26,0,0,0,26,0,0,,0,0,13,0,Matches,f2c12e8d
599,Richard,br BRA,MF,Ceará,27,1994,26.3,1659,101,393,1003,276,35,1659,18,32,56.3,33,25,1070,50,Matches,e90aa5da
600,Richardson,br BRA,MF,Ceará,30,1991,23.0,1140,37,236,740,185,3,1140,15,26,57.7,21,9,733,26,Matches,ef6b8a6b
601,Rickson,br BRA,MFFW,Atl Goianiense,23,1998,0.8,46,2,10,20,16,4,46,0,0,,2,1,26,2,Matches,96a35d1b
602,Emiliano Rigoni,ar ARG,FWMF,São Paulo,28,1993,2.7,190,3,17,72,103,9,190,4,12,33.3,9,5,125,19,Matches,a1216563
603,Rikelme,br BRA,DF,Cuiabá,18,2003,0.2,20,0,3,8,9,1,20,0,0,,0,0,13,1,Matches,637cdc49
604,Rikelmi,br BRA,DF,Botafogo (RJ),20,2001,0.0,6,0,0,1,5,2,6,0,1,0.0,0,1,3,1,Matches,b2ffcf77
605,Cristian Rivas,ve VEN,MF,Cuiabá,25,1997,2.4,136,2,26,83,27,2,136,0,2,0.0,0,2,97,4,Matches,bc4d05c0
606,Zé Roberto,br BRA,FW,Ceará,28,1993,8.2,290,9,23,124,146,34,289,11,30,36.7,19,20,211,40,Matches,810033a1
607,Robinho,br BRA,MF,Coritiba,34,1987,9.8,718,9,89,388,250,14,718,4,6,66.7,14,10,509,31,Matches,8f8809b9
608,Robson,br BRA,FWMF,Fortaleza,30,1991,16.1,564,21,55,240,278,58,563,17,45,37.8,54,18,395,102,Matches,e29eff7a
609,Felipe Rocha,br BRA,FW,Avaí,19,2002,0.5,22,0,5,13,4,1,22,1,3,33.3,5,2,8,1,Matches,a961e1c4
610,Kaique Rocha,br BRA,DF,Internacional,20,2001,5.0,277,35,146,120,11,4,277,0,2,0.0,0,0,186,3,Matches,b31d385e
611,Marcos Rocha,br BRA,DF,Palmeiras,33,1988,25.0,2248,109,621,1252,400,28,2248,16,29,55.2,13,8,1467,43,Matches,fdd2f275
612,Pedro Rocha Neves,br BRA,FW,Atl Paranaense,27,1994,3.1,104,1,15,35,55,7,104,8,15,53.3,6,6,71,16,Matches,b33e0095
613,Pedro Rocha Neves,br BRA,FWMF,Fortaleza,27,1994,7.7,267,5,38,98,135,25,266,12,28,42.9,27,12,182,32,Matches,b33e0095
614,Rodinei,br BRA,DF,Flamengo,30,1992,9.8,691,13,112,284,305,21,691,22,41,53.7,13,13,467,36,Matches,7696cc85
615,Rodrigo,br BRA,FWMF,São Paulo,17,2004,0.8,46,0,2,27,18,2,46,0,3,0.0,1,1,38,3,Matches,1126f4e2
616,Rodrigo,br BRA,DF,Avaí,23,1998,5.3,330,41,180,146,8,1,330,0,0,,1,0,229,0,Matches,cdfb04f5
617,Élton Rodrigues Brandão,br BRA,FW,Cuiabá,36,1985,3.3,108,3,8,48,52,18,107,0,1,0.0,3,6,88,16,Matches,e59be3c8
618,Raphael Rodrigues,br BRA,DF,Avaí,23,1999,1.4,105,15,63,43,0,0,105,0,0,,1,0,82,0,Matches,548640cf
619,Rodriguinho,br BRA,MF,América (MG),18,2003,2.1,106,3,27,54,29,2,106,2,6,33.3,2,3,62,4,Matches,4565dde3
620,Romarinho,br BRA,FWMF,Fortaleza,27,1994,14.6,638,6,50,281,320,41,638,41,72,56.9,32,25,473,79,Matches,1e7d2cc0
621,Braian Romero,ar ARG,FW,Internacional,30,1991,3.8,121,4,16,52,55,18,121,0,7,0.0,5,6,82,25,Matches,c5cc3130
622,Silvio Romero,ar ARG,FW,Fortaleza,33,1988,12.9,330,15,34,123,177,55,329,5,14,35.7,30,21,236,50,Matches,6a00c4b0
623,Rômulo,br BRA,FW,Atl Paranaense,19,2002,13.3,450,24,88,160,213,37,450,15,31,48.4,32,9,271,54,Matches,03dd053e
624,Romulo,br BRA,DF,Juventude,21,2000,1.9,115,11,63,33,19,2,115,0,2,0.0,0,0,48,2,Matches,395e0e95
625,Rômulo,br BRA,FWMF,Avaí,26,1995,4.7,204,4,19,114,74,9,204,8,17,47.1,15,5,140,13,Matches,9a6eb94c
626,Ronald,br BRA,MFFW,Fortaleza,24,1997,11.7,524,8,82,322,131,12,524,20,39,51.3,23,21,332,23,Matches,cc119c66
627,Ronaldo,br BRA,GK,Atl Goianiense,25,1996,18.0,541,491,540,1,0,0,541,0,0,,0,0,212,0,Matches,711c08dc
628,Budiga Roni,br BRA,MF,Corinthians,22,1999,8.3,418,16,100,245,79,9,418,2,2,100.0,10,8,280,19,Matches,af433614
629,Rony,br BRA,FW,Palmeiras,26,1995,26.5,671,20,51,209,419,143,671,12,35,34.3,65,16,468,153,Matches,bffd5e50
630,Vitor Roque,br BRA,FW,Atl Paranaense,16,2005,14.6,367,0,19,142,216,67,367,15,47,31.9,66,30,238,61,Matches,cb00f1e6
631,Ruan,br BRA,FWMF,Juventude,16,2005,2.5,84,2,13,30,43,8,84,7,15,46.7,6,5,47,8,Matches,07c41bf4
632,Rubens,br BRA,DFMF,Atlético Mineiro,20,2001,13.7,777,26,177,322,287,33,777,25,37,67.6,31,15,446,52,Matches,ae23d044
633,Óscar Ruiz,py PAR,MFFW,Juventude,30,1991,11.0,386,7,44,170,176,32,386,11,30,36.7,24,16,257,57,Matches,620ce7b1
634,Rwan,br BRA,FWMF,Santos,20,2001,5.2,240,7,19,94,131,42,239,10,18,55.6,29,11,175,57,Matches,568a75fd
635,João Victor Santos Sá,br BRA,FW,Botafogo (RJ),27,1994,19.4,853,5,101,371,394,75,853,45,92,48.9,56,30,598,118,Matches,1a1033a1
636,Matheus Sales,br BRA,MFDF,Goiás,26,1995,19.9,707,64,204,395,115,10,707,11,21,52.4,13,9,359,14,Matches,c3c175c4
637,Philipe Sampaio,br BRA,DF,Botafogo (RJ),27,1994,12.5,837,113,423,405,13,5,837,3,7,42.9,5,0,548,0,Matches,72733d93
638,Carlos Sánchez,uy URU,MF,Santos,37,1984,8.7,441,4,54,213,178,10,441,3,9,33.3,7,5,255,28,Matches,a6dbad80
639,Sandry,br BRA,MF,Santos,19,2002,7.7,603,11,80,423,105,4,603,3,6,50.0,2,3,422,11,Matches,8ceeabef
640,Alex Santana,br BRA,MF,Atl Paranaense,26,1995,9.9,455,18,86,293,95,15,455,13,17,76.5,13,7,300,14,Matches,e75dc411
641,Santos,br BRA,GK,Flamengo,31,1990,19.0,589,523,589,0,0,0,589,0,0,,1,0,277,0,Matches,b8d0b69c
642,Ademir Santos,br BRA,FWMF,Atlético Mineiro,26,1995,16.6,682,6,77,228,394,64,682,35,81,43.2,43,23,486,104,Matches,4b7d58c2
643,Chayene Santos,br BRA,MFFW,Botafogo (RJ),31,1990,6.5,297,2,33,151,120,17,297,14,22,63.6,17,17,200,28,Matches,64a427b4
644,Fábio Santos,br BRA,DF,Corinthians,36,1985,17.4,1431,56,425,759,256,16,1429,4,7,57.1,11,5,944,30,Matches,d0d786fd
645,Guilherme Santos,br BRA,FWMF,Bragantino,20,2001,0.5,17,0,2,7,9,1,17,0,2,0.0,0,1,11,3,Matches,6eae9de6
646,Gustavo Santos,br BRA,FW,Avaí,19,2002,0.2,,,,,,,,,,,,,,,Matches,93913c8e
647,Juan Santos,br BRA,FW,São Paulo,19,2002,0.6,23,1,3,7,13,1,23,2,4,50.0,5,1,18,8,Matches,ad89aa96
648,Júnior Santos,br BRA,FWMF,Botafogo (RJ),27,1994,11.9,443,16,64,198,189,42,443,17,38,44.7,44,25,314,50,Matches,9109e933
649,Luis Eduardo Marques dos Santos,br BRA,DF,Atl Goianiense,24,1997,18.2,1111,78,394,405,328,24,1111,14,36,38.9,23,9,613,55,Matches,5c5a0d4d
650,Matheus Santos,br BRA,MF,Goiás,23,1998,0.1,3,0,1,1,1,0,3,1,2,50.0,0,0,2,0,Matches,48125180
651,Rafael Santos,br BRA,DF,Coritiba,23,1998,12.7,627,59,190,252,195,4,627,5,12,41.7,11,5,296,16,Matches,c72a6057
652,Mateus Sarará,br BRA,MF,Avaí,19,2002,4.8,300,22,79,188,36,2,300,2,3,66.7,1,3,198,2,Matches,1b4c1c9c
653,Renzo Saravia,ar ARG,DFMF,Botafogo (RJ),28,1993,20.2,1216,72,339,658,247,22,1216,31,82,37.8,44,19,636,29,Matches,cf316639
654,Eduardo Sasha,br BRA,FWMF,Atlético Mineiro,29,1992,14.3,545,8,44,273,232,61,545,8,21,38.1,23,11,420,85,Matches,b938b871
655,Lucas Sasha,br BRA,MF,Fortaleza,31,1990,14.1,696,39,163,436,104,11,696,5,9,55.6,18,8,361,14,Matches,2e2ec9cf
656,Gustavo Sauer,br BRA,FWMF,Botafogo (RJ),28,1993,3.2,139,2,14,68,62,4,139,6,9,66.7,5,4,82,14,Matches,fd53959e
657,Jefferson Savarino,ve VEN,FW,Atlético Mineiro,25,1996,1.0,49,0,5,21,23,5,49,3,4,75.0,0,3,39,9,Matches,91721722
658,Sávio,br BRA,FWMF,Atlético Mineiro,17,2004,2.4,109,0,5,43,67,5,109,13,16,81.3,12,1,79,14,Matches,fe6e7156
659,Savio,br BRA,DF,Goiás,26,1995,9.4,524,33,187,216,132,5,524,3,8,37.5,9,2,249,7,Matches,3e8c6e2c
660,Gustavo Scarpa,br BRA,MFFW,Palmeiras,28,1994,28.6,1737,18,173,620,963,63,1732,25,67,37.3,53,35,1147,172,Matches,2964fd20
661,Cleiton Schwengber,br BRA,GK,Bragantino,24,1997,37.0,1342,1062,1315,28,0,0,1342,0,0,,0,0,623,0,Matches,d24ae824
662,Shaylon,br BRA,FWMF,Atl Goianiense,24,1997,15.0,787,28,123,351,326,29,787,12,25,48.0,16,12,536,72,Matches,69c11ef0
663,Sidcley,br BRA,DFMF,Cuiabá,28,1993,3.7,208,6,50,96,63,6,208,1,7,14.3,2,3,134,8,Matches,a5e96539
664,Sidimar,br BRA,DF,Goiás,29,1992,5.0,165,37,111,48,6,3,165,0,0,,1,0,74,1,Matches,080fc1f0
665,Sidnei,br BRA,DF,Goiás,32,1989,3.3,110,29,69,36,5,2,110,1,2,50.0,1,1,45,0,Matches,b14d0c5d
666,Pablo Siles,uy URU,MF,Atl Paranaense,24,1997,1.8,79,3,20,45,14,1,79,0,2,0.0,0,2,33,2,Matches,cca1e0b5
667,Aderlan Silva,br BRA,DF,Bragantino,31,1990,29.7,1911,93,525,816,587,36,1911,17,37,45.9,37,18,978,59,Matches,48371573
668,Bruno Silva,br BRA,MF,Avaí,35,1986,28.9,1705,89,390,1063,269,31,1705,19,29,65.5,25,25,1089,51,Matches,6efbf91e
669,Da Silva,br BRA,DF,Goiás,20,2001,6.3,297,51,153,132,12,3,297,1,1,100.0,5,0,166,0,Matches,4772a037
670,Cristiano da Silva Leite,br BRA,DF,Fluminense,28,1993,8.3,543,17,140,241,166,10,543,7,17,41.2,10,12,325,18,Matches,2567b7b6
671,Felipe Silva Lipe,br BRA,DF,Avaí,19,2002,3.0,146,46,106,39,1,1,146,0,0,,1,0,88,0,Matches,6b2bfcda
672,Lucas Silva,br BRA,FWMF,Avaí,24,1998,1.2,47,2,5,21,21,6,47,0,1,0.0,3,2,31,6,Matches,aa47c6ce
673,Marcão Silva,br BRA,MFDF,Cuiabá,31,1991,14.1,594,51,199,294,113,24,594,11,16,68.8,10,8,286,10,Matches,e7f8bf4a
674,Márcio Silva,br BRA,DF,Coritiba,20,2001,2.0,64,21,47,15,3,3,64,0,0,,0,0,29,0,Matches,7ee2ea5b
675,Nathan Silva,br BRA,DF,Atlético Mineiro,24,1997,19.2,1313,134,627,661,31,14,1313,0,0,,7,1,875,2,Matches,369d907c
676,Ricardo Silva,br BRA,DF,América (MG),29,1992,8.3,374,68,214,149,13,8,374,0,1,0.0,2,1,189,0,Matches,a5075276
677,Miguel Silveira,br BRA,MFFW,Bragantino,18,2003,6.3,266,2,37,113,118,19,266,2,12,16.7,15,10,164,30,Matches,281942c4
678,Vinicius Silvestre,br BRA,GK,Palmeiras,27,1994,1.0,21,18,21,0,0,0,21,0,0,,0,0,8,0,Matches,1944518a
679,Jailson Siqueira,br BRA,MF,Palmeiras,26,1995,0.2,15,0,1,5,9,2,15,0,0,,0,0,9,0,Matches,b4819112
680,Everton Soares,br BRA,FWMF,Flamengo,25,1996,15.7,716,4,44,208,483,109,716,52,107,48.6,40,37,526,107,Matches,b1cbc666
681,Tiquinho Soares,br BRA,FW,Botafogo (RJ),31,1991,13.7,530,19,45,276,214,66,529,15,28,53.6,51,31,412,78,Matches,4d982baf
682,Fernando Sobral,br BRA,MF,Ceará,27,1994,11.2,672,31,124,390,167,7,672,13,20,65.0,12,13,474,23,Matches,c012aacd
683,Yeferson Soteldo,ve VEN,FWMF,Santos,24,1997,6.3,288,1,18,109,166,21,288,21,42,50.0,21,21,243,36,Matches,bbb6c951
684,Yan Souto,br BRA,DF,Goiás,20,2001,6.8,327,68,191,127,11,6,327,2,2,100.0,4,2,158,0,Matches,2dffc479
685,Hugo Souza,br BRA,GK,Flamengo,23,1999,14.3,370,296,366,4,0,0,370,0,0,,0,0,164,0,Matches,c02e5af1
686,Igor Vinícius de Souza,br BRA,DFFW,São Paulo,24,1997,12.9,861,19,153,401,317,28,861,23,44,52.3,37,10,525,48,Matches,ec95088d
687,Bruno Tabata,br BRA,FW,Palmeiras,24,1997,5.2,,,,,,,,,,,,,,,Matches,33fdf90d
688,Tadeu,br BRA,GK,Goiás,29,1992,38.0,1416,1193,1410,6,1,1,1416,1,1,100.0,0,0,446,0,Matches,8445554f
689,Tailson,br BRA,FWDF,Santos,22,1999,0.4,29,0,1,20,9,1,29,4,5,80.0,1,0,19,1,Matches,200b381d
690,Taison,br BRA,MFFW,Internacional,34,1988,8.1,479,6,29,249,217,13,479,14,23,60.9,16,10,376,38,Matches,7272a72a
691,Tchê Tchê,br BRA,MF,Botafogo (RJ),29,1992,25.7,1284,28,251,894,151,13,1284,12,18,66.7,21,16,920,15,Matches,5f2caf8f
692,David Terans,uy URU,MF,Atl Paranaense,27,1994,22.3,1040,5,76,458,529,73,1033,31,65,47.7,67,25,650,90,Matches,d3d89d8d
693,Miguel Terceros,bo BOL,FW,Santos,17,2004,0.3,25,0,0,8,17,1,25,1,2,50.0,0,1,19,2,Matches,d66ed604
694,Thiago,br BRA,GK,São Paulo,22,1999,2.7,104,91,104,0,0,0,104,0,0,,0,0,58,0,Matches,602d20ae
695,Guilherme Tinga,br BRA,DF,Fortaleza,28,1993,13.1,854,76,280,427,157,14,854,10,21,47.6,8,5,420,13,Matches,a8331ab0
696,Titi,br BRA,DF,Fortaleza,33,1988,31.1,1364,167,644,705,32,12,1364,6,12,50.0,17,4,806,5,Matches,ea41ddf7
697,Igor Torres,br BRA,FWMF,Fortaleza,21,2000,0.1,14,0,3,4,7,1,14,1,2,50.0,2,2,10,1,Matches,cc9b11b1
698,Jesús Trindade,uy URU,MF,Coritiba,28,1993,14.6,843,38,228,513,110,1,843,7,10,70.0,14,15,511,3,Matches,066e9f5d
699,Bruno Tubarão,br BRA,FWMF,Bragantino,26,1995,5.0,225,2,20,99,112,14,225,7,12,58.3,5,12,170,22,Matches,5411ef4f
700,Uendel,br BRA,DF,Cuiabá,33,1988,14.7,901,40,298,401,214,11,901,6,10,60.0,7,5,524,15,Matches,0bd9e045
701,Valdemir,br BRA,MF,Coritiba,24,1997,6.9,461,15,114,276,76,1,461,11,17,64.7,12,9,324,7,Matches,82cca681
702,Valdívia,br BRA,MFFW,Cuiabá,27,1994,15.4,659,12,80,266,326,40,659,27,44,61.4,36,20,484,92,Matches,e12be458
703,Vanderlan,br BRA,DF,Palmeiras,19,2002,7.2,378,15,99,192,92,4,378,1,4,25.0,2,3,223,15,Matches,bd8432ff
704,Guillermo Varela,uy URU,DF,Flamengo,28,1993,2.9,164,14,43,82,41,2,164,1,5,20.0,4,3,95,7,Matches,5c961282
705,Eduardo Vargas,cl CHI,FW,Atlético Mineiro,32,1989,12.7,637,8,45,310,296,47,635,25,42,59.5,43,14,484,74,Matches,bd603c00
706,Matheus de Vargas,br BRA,MF,Fortaleza,25,1996,4.6,210,3,26,107,81,10,210,10,16,62.5,20,6,144,23,Matches,e43a07d4
707,Jhon Vasquez,co COL,FWMF,Ceará,26,1995,4.6,183,6,20,69,99,17,183,7,11,63.6,13,5,130,21,Matches,b6832e5e
708,Rafael Vaz,br BRA,DF,Avaí,33,1988,15.5,998,141,496,462,48,9,998,5,6,83.3,7,5,655,3,Matches,244fc074
709,Raphael Veiga,br BRA,MF,Palmeiras,26,1995,14.0,667,6,52,362,260,44,664,23,35,65.7,30,25,518,80,Matches,6e5a3bc7
710,Emiliano Velázquez,uy URU,DF,Santos,27,1994,6.0,414,48,184,213,19,4,414,3,3,100.0,2,2,275,0,Matches,5efb80d5
711,Fausto Vera,ar ARG,MF,Corinthians,21,2000,14.5,1196,55,285,797,124,16,1196,4,9,44.4,21,11,836,4,Matches,8b3b381b
712,Gabriel Veron,br BRA,FWMF,Palmeiras,19,2002,6.3,210,5,37,77,106,22,210,11,22,50.0,10,10,129,38,Matches,6bc49da7
713,João Vialle,br BRA,DF,Atl Paranaense,19,2002,0.3,19,0,7,11,2,0,19,1,1,100.0,0,0,12,0,Matches,c63a8bf0
714,João Victor,br BRA,MF,Ceará,17,2004,0.2,20,0,0,11,9,1,20,0,1,0.0,1,2,16,1,Matches,e78d763e
715,João Victor,br BRA,DF,Corinthians,23,1998,5.4,367,42,218,144,6,5,367,2,4,50.0,6,1,242,1,Matches,d60cf08d
716,Marcos Victor,br BRA,DF,Ceará,20,2001,4.0,235,34,120,109,9,1,235,4,4,100.0,2,2,143,0,Matches,d714fc5a
717,Arturo Vidal,cl CHI,MF,Flamengo,34,1987,9.3,863,10,116,479,273,15,862,2,5,40.0,10,1,649,24,Matches,67cdbc0e
718,Caio Vidal,br BRA,FWMF,Internacional,21,2000,1.7,41,0,8,19,16,6,41,2,4,50.0,6,5,34,6,Matches,599ab970
719,Elvis Vieira Araújo,br BRA,MFFW,Goiás,31,1990,9.4,597,5,59,364,183,8,594,4,11,36.4,13,9,391,28,Matches,b5391b63
720,Gabriel Vieira,br BRA,FW,Palmeiras,19,2002,0.1,2,0,0,0,2,0,2,0,0,,1,0,1,0,Matches,63904ba9
721,Luan Vieira,br BRA,MFFW,Santos,28,1993,5.0,300,1,27,188,89,5,300,5,13,38.5,10,8,237,20,Matches,c4f6bf06
722,Marcos Vinicios Sorriso,br BRA,FW,Bragantino,20,2001,15.0,666,11,93,234,348,50,666,11,45,24.4,44,30,469,87,Matches,e816a8ee
723,Vinícius,br BRA,FWMF,Ceará,30,1991,26.7,1432,16,144,719,597,52,1432,16,33,48.5,28,23,1032,128,Matches,ee01c84d
724,Vinicius,br BRA,MFDF,Santos,22,1999,0.8,44,4,12,23,10,2,44,1,2,50.0,3,1,15,0,Matches,ab3ef9c4
725,Vinícius,br BRA,MFFW,Goiás,28,1993,21.7,807,23,110,318,400,53,807,32,73,43.8,51,18,566,100,Matches,b6bd2b80
726,Vinícius,br BRA,FW,Botafogo (RJ),22,1999,9.7,326,14,53,156,123,23,326,17,40,42.5,23,17,203,35,Matches,ecce7383
727,Vinicius,br BRA,MF,Cuiabá,22,1999,0.1,10,1,3,2,6,0,10,1,1,100.0,1,0,7,0,Matches,badaed00
728,Caio Vinícius,br BRA,MF,Goiás,23,1999,17.3,709,54,207,395,119,20,709,14,21,66.7,26,17,366,21,Matches,8529df9f
729,Mateus Vital,br BRA,FWMF,Corinthians,23,1998,8.2,416,5,52,203,170,12,416,17,39,43.6,10,12,296,28,Matches,db9c8fa4
730,Vitão,br BRA,DF,Internacional,21,2000,31.0,1526,266,827,678,23,15,1526,0,2,0.0,2,1,993,1,Matches,d4f034db
731,Vitinho,br BRA,FW,Atl Paranaense,22,1999,15.9,611,13,97,218,305,60,611,16,40,40.0,36,25,413,73,Matches,06d4b2e4
732,Vitinho,br BRA,FWMF,Flamengo,28,1993,5.3,261,7,26,101,138,29,261,11,20,55.0,9,5,199,33,Matches,a9e68c94
733,Vitinho,br BRA,FWMF,Avaí,21,2000,4.0,144,5,14,83,52,12,144,8,15,53.3,19,8,112,27,Matches,5e5cc7a9
734,João Vitor,br BRA,MF,Coritiba,21,2000,0.1,2,0,1,2,0,0,2,1,1,100.0,1,0,2,0,Matches,b8d3d5ee
735,Vladimir,br BRA,GK,Avaí,32,1989,22.5,727,653,727,0,0,0,727,0,0,,0,0,265,0,Matches,bbae502c
736,Max Walef,br BRA,GK,Fortaleza,28,1993,5.0,108,97,108,0,0,0,108,0,0,,0,0,45,0,Matches,6411a48d
737,Walter,br BRA,GK,Cuiabá,34,1987,27.4,791,688,790,1,0,0,791,0,1,0.0,1,0,240,0,Matches,8bae322b
738,Wanderson,br BRA,DF,Atl Goianiense,30,1991,27.2,1339,252,785,535,21,11,1339,1,1,100.0,5,2,871,1,Matches,f612025c
739,Wanderson,br BRA,FWMF,Internacional,27,1994,17.8,729,7,75,221,455,78,729,43,74,58.1,35,17,550,95,Matches,5da33b33
740,Warley,br BRA,FWMF,Coritiba,22,1999,6.2,296,13,65,121,116,13,296,2,13,15.4,18,10,191,29,Matches,8f385e2e
741,Welington,br BRA,DFFW,São Paulo,20,2001,18.6,1287,48,233,506,560,33,1287,29,64,45.3,32,22,749,72,Matches,a7f95b1f
742,José Welison,br BRA,MF,Fortaleza,26,1995,19.1,1085,38,224,679,196,11,1085,20,31,64.5,11,19,646,28,Matches,b6cb4d16
743,Weliton,cl CHI,MF,Juventude,16,2005,0.0,3,1,1,0,2,2,3,0,0,,0,0,2,0,Matches,721322fb
744,Wellington,br BRA,DF,Avaí,26,1995,3.0,165,38,108,55,4,3,165,0,1,0.0,0,0,113,0,Matches,ed36f825
745,Welliton,br BRA,MFFW,Bragantino,21,2000,1.1,71,1,4,19,50,4,71,6,14,42.9,6,5,55,11,Matches,d1a7e953
746,Wendell,br BRA,MF,Ceará,19,2002,0.1,5,1,2,2,1,0,5,0,0,,0,0,2,0,Matches,82b7e058
747,Werik,br BRA,FW,Bragantino,20,2001,5.7,156,7,9,80,67,30,156,3,9,33.3,21,17,95,36,Matches,8b20ba5f
748,Werton,br BRA,FW,Flamengo,18,2003,0.3,18,2,3,3,13,3,18,0,2,0.0,1,0,10,4,Matches,d07bde9d
749,Wescley,br BRA,MF,Ceará,30,1991,0.8,32,0,6,17,10,1,32,1,4,25.0,1,2,18,2,Matches,5a43c680
750,Wesley,br BRA,FW,Palmeiras,22,1999,7.2,340,10,42,107,195,46,340,17,41,41.5,24,10,207,50,Matches,434de3a3
751,Weverson,br BRA,MF,Bragantino,21,2000,0.5,17,0,1,7,9,1,17,0,1,0.0,1,2,6,1,Matches,b9829bf7
752,Weverton,br BRA,DF,Internacional,22,1999,0.5,40,1,10,13,17,0,40,0,0,,0,0,22,1,Matches,6ae59cc2
753,Wéverton,br BRA,GK,Palmeiras,34,1987,34.0,1112,896,1100,12,0,0,1112,0,0,,3,0,531,0,Matches,81be82e9
754,Rafael William,br BRA,GK,Coritiba,20,2001,6.0,143,129,143,0,0,0,143,0,0,,0,0,41,0,Matches,eb9f6c10
755,Willian,br BRA,FWMF,Fluminense,35,1986,5.3,259,6,34,118,112,24,259,8,19,42.1,15,10,163,27,Matches,1f85d0c8
756,Willian,br BRA,FW,Corinthians,33,1988,9.2,491,10,48,220,235,24,491,35,51,68.6,19,12,388,45,Matches,8b9ebd03
757,Xavier,br BRA,MF,Corinthians,21,2000,1.8,88,9,22,61,6,0,88,0,0,,2,1,52,0,Matches,f16ed217
758,Samuel Xavier,br BRA,DF,Fluminense,31,1990,31.4,2177,72,583,977,633,39,2177,17,33,51.5,24,25,1455,71,Matches,0c870df5
759,Yago,br BRA,MFDF,Fluminense,26,1995,12.6,751,28,160,344,253,28,751,5,17,29.4,27,21,536,53,Matches,e2add0e7
760,Ytalo,br BRA,FW,Bragantino,34,1988,6.9,141,8,11,67,63,17,141,0,1,0.0,2,1,89,22,Matches,423e3d0b
761,Marcos Ytalo,br BRA,DF,Ceará,25,1996,1.8,77,2,13,31,33,4,77,0,3,0.0,1,2,40,7,Matches,70053afc
762,Vinícius Zanocelo,br BRA,MF,Santos,21,2001,22.3,1148,49,245,673,242,31,1148,13,27,48.1,22,13,751,34,Matches,27457e83
763,Federico Zaracho,ar ARG,MFFW,Atlético Mineiro,23,1998,20.9,1195,17,124,657,421,88,1195,20,38,52.6,46,29,859,116,Matches,803d5265